,0,1,2,3,4,5,6,7,8,9,10,11,12,13,14,15,16,17,18,19,20,21,22,23,24,25,26,27,28,29,30,31,32,33,34,35,36,37,38,39,40,41,42,43,44,45,46,47,48,49,50,51,52,53,54,55
SA22898,-1.0,-13.0,0.0,-1.0,-2.0,0.0,0.0,-2.0,-1.0,-2.0,-2.0,-2.0,0.0,0.0,0.0,0.0,0.0,-2.0,0.0,0.0,0.0,0.0,0.0,0.0,0.0,0.0,-20.0,-8.0,-4.0,-9.0,-6.0,-7.0,-15.0,-7.0,-4.0,-6.0,-17.0,-6.0,-5.0,-6.0,-3.0,0.0,-5.0,-6.0,-3.0,-11.0,-5.0,-14.0,-3.0,-9.0,-2.0,11.72237487844726,8.881784197001252e-16,-28.0,0.0,0.0
SA26242,-2.0,-13.0,0.0,0.0,0.0,0.0,0.0,0.0,0.0,0.0,0.0,0.0,0.0,0.0,0.0,0.0,0.0,0.0,0.0,0.0,0.0,0.0,0.0,0.0,0.0,0.0,-20.0,-8.0,-5.0,-9.0,-6.0,-7.0,-15.0,-7.0,-4.0,-6.0,-17.0,-6.0,-6.0,-6.0,-3.0,0.0,-5.0,-6.0,-3.0,-11.0,-8.0,-15.0,0.0,-9.0,-2.0,12.334839522076146,0.0,0.0,0.0,0.0
SA26251,-9.0,-13.0,0.0,-1.0,-2.0,0.0,0.0,-2.0,-1.0,0.0,-2.0,-3.0,0.0,0.0,0.0,0.0,0.0,-2.0,0.0,0.0,0.0,0.0,0.0,0.0,-1.0,0.0,-20.0,-8.0,-4.0,-9.0,0.0,-10.0,-15.0,-7.0,0.0,-6.0,-20.0,-6.0,-7.0,0.0,0.0,0.0,-5.0,0.0,0.0,-11.0,-8.0,-19.0,0.0,-20.0,0.0,11.827423492429581,0.0,-28.0,0.0,0.0
SA27238,-9.0,-13.0,0.0,0.0,0.0,0.0,0.0,0.0,0.0,0.0,0.0,-3.0,0.0,0.0,0.0,0.0,0.0,0.0,0.0,0.0,0.0,0.0,0.0,0.0,-1.0,0.0,-20.0,-8.0,-5.0,-9.0,0.0,-10.0,-15.0,-7.0,0.0,-6.0,-20.0,-6.0,-8.0,0.0,0.0,0.0,-5.0,0.0,0.0,-11.0,0.0,-20.0,-8.0,-20.0,0.0,12.40505769022676,0.0,0.0,0.0,0.0
SA27773,-7.0,-13.0,0.0,-1.0,-2.0,0.0,0.0,-2.0,-1.0,0.0,-2.0,-3.0,0.0,0.0,0.0,0.0,0.0,-2.0,0.0,0.0,0.0,0.0,0.0,0.0,0.0,0.0,-20.0,-8.0,-4.0,-9.0,-6.0,-10.0,-15.0,-7.0,0.0,-6.0,-20.0,-6.0,-7.0,-6.0,0.0,0.0,-5.0,0.0,0.0,-11.0,-8.0,-19.0,0.0,-9.0,0.0,11.804739422820333,0.0,-28.0,0.0,0.0
SA27826,-3.0,-13.0,0.0,0.0,0.0,0.0,0.0,0.0,0.0,0.0,0.0,0.0,0.0,0.0,0.0,0.0,0.0,0.0,0.0,0.0,0.0,0.0,0.0,0.0,0.0,0.0,-20.0,-8.0,-5.0,-9.0,-6.0,-10.0,-15.0,-7.0,-4.0,-6.0,-17.0,-6.0,-6.0,-6.0,-3.0,0.0,-5.0,-6.0,0.0,-11.0,-8.0,-15.0,0.0,-9.0,-2.0,12.338821243104062,0.0,0.0,0.0,0.0
SA28631,-1.0,-13.0,0.0,-1.0,-2.0,0.0,0.0,-2.0,-1.0,-2.0,-2.0,-2.0,0.0,0.0,0.0,0.0,0.0,-2.0,0.0,0.0,0.0,0.0,0.0,0.0,0.0,0.0,-20.0,-8.0,-4.0,-9.0,-6.0,-7.0,-15.0,-7.0,-4.0,-6.0,-17.0,-6.0,-5.0,-6.0,-3.0,0.0,-5.0,-6.0,-3.0,-11.0,-5.0,-14.0,-3.0,-9.0,-2.0,11.76242515870207,8.881784197001252e-16,-28.0,0.0,0.0
SA29002,-3.0,-13.0,0.0,-1.0,-2.0,0.0,0.0,-2.0,-1.0,0.0,-2.0,-2.0,0.0,0.0,0.0,0.0,0.0,-2.0,0.0,0.0,0.0,0.0,0.0,0.0,0.0,0.0,-20.0,-8.0,-4.0,-9.0,-6.0,-7.0,-15.0,-7.0,0.0,-6.0,-20.0,-6.0,-5.0,-6.0,-3.0,0.0,-5.0,-6.0,-3.0,-11.0,-8.0,-14.0,0.0,-9.0,-2.0,11.729937145896585,0.0,-28.0,0.0,0.0
SA29106,-6.0,-13.0,0.0,0.0,0.0,0.0,0.0,0.0,0.0,0.0,0.0,-1.0,0.0,0.0,0.0,0.0,0.0,0.0,0.0,0.0,0.0,0.0,0.0,0.0,0.0,0.0,-20.0,-8.0,-5.0,-9.0,-16.0,-10.0,-15.0,-7.0,0.0,-6.0,-20.0,-6.0,-8.0,-6.0,-3.0,0.0,-5.0,-6.0,0.0,-11.0,-8.0,-15.0,0.0,0.0,0.0,12.365643616355374,0.0,0.0,0.0,0.0
SA29561,0.0,-13.0,0.0,-1.0,-2.0,0.0,0.0,-2.0,-1.0,-2.0,-2.0,-2.0,0.0,0.0,0.0,0.0,0.0,-2.0,0.0,0.0,0.0,0.0,0.0,0.0,0.0,0.0,-20.0,-7.0,-4.0,-9.0,-6.0,-7.0,-15.0,-7.0,-4.0,-6.0,-17.0,-6.0,-5.0,-6.0,-3.0,-2.0,-5.0,-6.0,-3.0,-11.0,-5.0,-14.0,-3.0,-9.0,-2.0,11.76149812897477,8.881784197001252e-16,-28.0,0.0,0.0
SA29566,-9.0,-13.0,0.0,-1.0,-2.0,0.0,0.0,-2.0,-1.0,0.0,-2.0,-3.0,0.0,0.0,0.0,0.0,0.0,-2.0,0.0,0.0,0.0,0.0,0.0,0.0,-10.0,0.0,-20.0,-8.0,-4.0,-9.0,0.0,-10.0,-15.0,-7.0,0.0,-6.0,-20.0,-6.0,-7.0,0.0,0.0,0.0,-5.0,-6.0,0.0,0.0,-8.0,-14.0,0.0,-20.0,0.0,11.783220831246602,0.0,-28.0,0.0,0.0
SA29575,-7.0,-13.0,0.0,0.0,0.0,0.0,0.0,0.0,0.0,0.0,0.0,-1.0,0.0,0.0,0.0,0.0,0.0,0.0,0.0,0.0,0.0,0.0,0.0,0.0,0.0,0.0,-20.0,-8.0,-5.0,-9.0,-6.0,-10.0,-15.0,-7.0,0.0,-6.0,-20.0,-6.0,-8.0,0.0,-3.0,0.0,-5.0,0.0,0.0,-11.0,0.0,-20.0,-8.0,-15.0,0.0,12.419622678085398,0.0,0.0,0.0,0.0
SA29679,-2.0,-13.0,0.0,0.0,0.0,0.0,0.0,0.0,0.0,0.0,0.0,0.0,0.0,0.0,0.0,0.0,0.0,0.0,0.0,0.0,0.0,0.0,0.0,0.0,0.0,0.0,-20.0,-8.0,-5.0,-9.0,-6.0,-7.0,-15.0,-7.0,-4.0,-6.0,-17.0,-6.0,-6.0,-6.0,-3.0,0.0,-5.0,-6.0,-3.0,-11.0,0.0,-15.0,-8.0,-9.0,-2.0,12.374407563540053,0.0,0.0,0.0,0.0
SA29691,-6.0,-13.0,0.0,0.0,0.0,0.0,0.0,0.0,0.0,0.0,0.0,-1.0,0.0,0.0,0.0,0.0,0.0,0.0,0.0,0.0,0.0,0.0,0.0,0.0,0.0,0.0,-20.0,-8.0,-5.0,-9.0,-6.0,-10.0,-15.0,-7.0,0.0,-6.0,-20.0,-6.0,-8.0,0.0,-3.0,0.0,-5.0,-6.0,0.0,-11.0,0.0,-15.0,-8.0,-15.0,0.0,12.405944643468773,0.0,0.0,0.0,0.0
SA29930,-9.0,-13.0,0.0,0.0,0.0,0.0,0.0,0.0,0.0,0.0,0.0,-3.0,0.0,0.0,0.0,0.0,0.0,0.0,0.0,0.0,0.0,0.0,0.0,0.0,-1.0,0.0,-20.0,-8.0,-5.0,-9.0,0.0,-10.0,-15.0,-7.0,0.0,-6.0,-20.0,-6.0,-8.0,0.0,0.0,0.0,-5.0,0.0,0.0,-11.0,0.0,-20.0,-8.0,-20.0,0.0,12.445183103423906,0.0,0.0,0.0,0.0
SA29967,-8.0,-13.0,0.0,0.0,0.0,0.0,0.0,0.0,0.0,0.0,0.0,-3.0,0.0,0.0,0.0,0.0,0.0,0.0,0.0,0.0,0.0,0.0,0.0,0.0,-1.0,0.0,-20.0,-8.0,-5.0,-9.0,0.0,-10.0,-15.0,-7.0,0.0,-6.0,-20.0,-6.0,-8.0,0.0,0.0,0.0,-5.0,-6.0,0.0,-11.0,0.0,-15.0,-8.0,-20.0,0.0,12.391379655610136,0.0,0.0,0.0,0.0
SA30013,-20.0,-20.0,0.0,0.0,0.0,-15.0,0.0,0.0,0.0,0.0,0.0,-10.0,-3.0,0.0,0.0,0.0,0.0,0.0,0.0,0.0,0.0,0.0,-20.0,0.0,0.0,0.0,-20.0,0.0,0.0,0.0,-20.0,0.0,0.0,0.0,0.0,0.0,-20.0,-20.0,0.0,0.0,0.0,0.0,0.0,0.0,0.0,0.0,0.0,-20.0,0.0,0.0,0.0,12.815809833291896,0.0,0.0,0.0,0.0
SA30072,-9.0,-13.0,0.0,-1.0,-2.0,0.0,0.0,-2.0,-1.0,0.0,-2.0,-3.0,0.0,0.0,0.0,0.0,0.0,-2.0,0.0,0.0,0.0,0.0,0.0,0.0,-1.0,0.0,-20.0,-8.0,-4.0,-9.0,0.0,-10.0,-15.0,-7.0,0.0,-6.0,-20.0,-6.0,-7.0,0.0,0.0,0.0,-5.0,0.0,0.0,-11.0,-8.0,-19.0,0.0,-20.0,0.0,11.787210523863804,0.0,-28.0,0.0,0.0
SA30324,-9.0,-13.0,0.0,0.0,0.0,0.0,0.0,0.0,0.0,0.0,0.0,-1.0,0.0,0.0,0.0,0.0,0.0,0.0,0.0,0.0,0.0,0.0,0.0,0.0,-1.0,0.0,-20.0,0.0,-5.0,-9.0,-14.0,-10.0,-15.0,-7.0,0.0,-6.0,-20.0,-6.0,-11.0,-6.0,-8.0,0.0,-5.0,0.0,0.0,0.0,0.0,-20.0,0.0,-20.0,0.0,12.438790444116385,0.0,0.0,0.0,0.0
SA30353,-5.0,-13.0,0.0,-1.0,-2.0,0.0,0.0,-2.0,-1.0,0.0,-2.0,-2.0,0.0,0.0,0.0,0.0,0.0,-2.0,0.0,0.0,0.0,0.0,0.0,0.0,0.0,0.0,-20.0,-8.0,-4.0,-9.0,-6.0,-10.0,-15.0,-7.0,0.0,-6.0,-20.0,-6.0,-7.0,-6.0,-3.0,0.0,-5.0,-6.0,0.0,-11.0,-8.0,-14.0,0.0,-9.0,0.0,11.782513265321445,0.0,-28.0,0.0,0.0
SA30376,-6.0,-13.0,0.0,0.0,0.0,0.0,0.0,0.0,0.0,0.0,0.0,-1.0,0.0,0.0,0.0,0.0,0.0,0.0,0.0,0.0,0.0,0.0,0.0,0.0,0.0,0.0,-20.0,-8.0,-5.0,-9.0,-6.0,-10.0,-15.0,-7.0,0.0,-6.0,-20.0,-6.0,-8.0,-6.0,-3.0,0.0,-5.0,0.0,0.0,-11.0,0.0,-20.0,-8.0,-9.0,0.0,12.407267633011626,0.0,0.0,0.0,0.0
SA30445,-8.0,-13.0,0.0,-1.0,-2.0,0.0,0.0,-2.0,-1.0,0.0,-2.0,-3.0,0.0,0.0,0.0,0.0,0.0,-2.0,0.0,0.0,0.0,0.0,0.0,0.0,0.0,0.0,-20.0,-8.0,-4.0,-9.0,-6.0,-10.0,-15.0,-7.0,0.0,-6.0,-20.0,-6.0,-7.0,0.0,0.0,0.0,-5.0,0.0,0.0,-11.0,-8.0,-19.0,0.0,-15.0,0.0,11.775299747223958,0.0,-28.0,0.0,0.0
SA30623,-6.0,-13.0,0.0,-1.0,-2.0,0.0,0.0,-2.0,-1.0,0.0,-2.0,-3.0,0.0,0.0,0.0,0.0,0.0,-2.0,0.0,0.0,0.0,0.0,0.0,0.0,0.0,0.0,-20.0,-8.0,-4.0,-9.0,-6.0,-10.0,-15.0,-7.0,0.0,-6.0,-20.0,-6.0,-7.0,-6.0,0.0,0.0,-5.0,-6.0,0.0,-11.0,-8.0,-14.0,0.0,-9.0,0.0,11.793074381282489,0.0,-28.0,0.0,0.0
SA30628,-8.0,-13.0,0.0,-1.0,-2.0,0.0,0.0,-2.0,-1.0,0.0,-2.0,-3.0,0.0,0.0,0.0,0.0,0.0,-2.0,0.0,0.0,0.0,0.0,0.0,0.0,-1.0,0.0,-20.0,-8.0,-4.0,-9.0,0.0,-10.0,-15.0,-7.0,0.0,-6.0,-20.0,-6.0,-7.0,0.0,0.0,0.0,-5.0,-6.0,0.0,-11.0,-8.0,-14.0,0.0,-20.0,0.0,11.775545482325958,0.0,-28.0,0.0,0.0
SA30639,-18.0,-20.0,0.0,0.0,0.0,-15.0,0.0,0.0,0.0,0.0,0.0,-10.0,0.0,0.0,0.0,0.0,0.0,0.0,0.0,-1.0,0.0,0.0,-10.0,0.0,0.0,0.0,-20.0,0.0,0.0,-14.0,-20.0,0.0,-15.0,0.0,0.0,0.0,-20.0,0.0,0.0,0.0,0.0,0.0,0.0,0.0,-20.0,0.0,0.0,-20.0,0.0,0.0,0.0,12.659767158166161,0.0,0.0,0.0,0.0
SA30663,-3.0,-13.0,0.0,0.0,0.0,0.0,0.0,0.0,0.0,0.0,0.0,0.0,0.0,0.0,0.0,0.0,0.0,0.0,0.0,0.0,0.0,0.0,0.0,0.0,0.0,0.0,-20.0,-8.0,-5.0,-9.0,-6.0,-10.0,-15.0,-7.0,-4.0,-6.0,-17.0,-6.0,-6.0,-6.0,-3.0,0.0,-5.0,-6.0,0.0,-11.0,0.0,-15.0,-8.0,-9.0,-2.0,12.378389284567971,0.0,0.0,0.0,0.0
SA30697,-3.0,-13.0,0.0,-1.0,-2.0,0.0,0.0,-2.0,-1.0,0.0,-2.0,-2.0,0.0,0.0,0.0,0.0,0.0,-2.0,0.0,0.0,0.0,0.0,0.0,0.0,0.0,0.0,-20.0,-8.0,-4.0,-9.0,-6.0,-7.0,-15.0,-7.0,0.0,-6.0,-20.0,-6.0,-5.0,-6.0,-3.0,0.0,-5.0,-6.0,-3.0,-11.0,0.0,-14.0,-8.0,-9.0,-2.0,11.729379774163345,0.0,-28.0,0.0,0.0
SA30748,-9.0,-13.0,0.0,0.0,0.0,0.0,0.0,0.0,0.0,0.0,0.0,-3.0,0.0,0.0,0.0,0.0,0.0,0.0,0.0,0.0,0.0,0.0,0.0,0.0,0.0,0.0,-20.0,0.0,-5.0,-9.0,-14.0,-10.0,-15.0,-7.0,0.0,-6.0,-20.0,-6.0,-8.0,0.0,0.0,0.0,-5.0,0.0,0.0,-11.0,-8.0,-20.0,0.0,-15.0,0.0,12.405570860143095,0.0,0.0,0.0,0.0
SA30749,-21.0,-20.0,0.0,0.0,0.0,-17.0,0.0,0.0,0.0,0.0,0.0,-20.0,0.0,0.0,0.0,0.0,0.0,0.0,0.0,0.0,0.0,0.0,-20.0,0.0,0.0,0.0,-20.0,0.0,0.0,0.0,-20.0,0.0,0.0,0.0,0.0,0.0,-20.0,0.0,0.0,0.0,0.0,0.0,0.0,0.0,0.0,0.0,0.0,-20.0,0.0,0.0,0.0,12.854305873230935,0.0,-1.0,0.0,0.0
SA30813,-8.0,-13.0,0.0,0.0,0.0,0.0,0.0,0.0,0.0,0.0,0.0,-1.0,0.0,0.0,0.0,0.0,0.0,0.0,0.0,0.0,0.0,0.0,0.0,0.0,0.0,0.0,-20.0,-8.0,-5.0,-9.0,-6.0,-10.0,-15.0,-7.0,0.0,-6.0,-20.0,-6.0,-11.0,0.0,-8.0,0.0,-5.0,0.0,0.0,-11.0,0.0,-20.0,0.0,-15.0,0.0,12.429459307417373,0.0,0.0,0.0,0.0
SA30816,-20.0,-20.0,0.0,0.0,0.0,-17.0,0.0,0.0,0.0,0.0,0.0,-20.0,0.0,0.0,0.0,0.0,0.0,0.0,0.0,0.0,0.0,0.0,-20.0,0.0,0.0,0.0,-20.0,0.0,0.0,-14.0,-20.0,0.0,0.0,0.0,0.0,0.0,-20.0,0.0,0.0,0.0,0.0,0.0,0.0,0.0,0.0,0.0,0.0,-20.0,0.0,0.0,0.0,12.812903233072063,0.0,0.0,0.0,0.0
SA30919,-12.0,-13.0,0.0,0.0,0.0,0.0,0.0,0.0,0.0,0.0,0.0,-8.0,0.0,0.0,0.0,0.0,0.0,0.0,0.0,0.0,0.0,0.0,0.0,0.0,-10.0,0.0,-20.0,-8.0,0.0,-9.0,0.0,-10.0,-15.0,-7.0,0.0,-6.0,-20.0,-11.0,-11.0,0.0,0.0,0.0,-5.0,0.0,0.0,0.0,0.0,-20.0,0.0,-20.0,0.0,12.483676728059526,0.0,0.0,0.0,0.0
SA30938,-8.0,-13.0,0.0,0.0,0.0,0.0,0.0,0.0,0.0,0.0,0.0,-3.0,0.0,0.0,0.0,0.0,0.0,0.0,0.0,0.0,0.0,0.0,0.0,0.0,-1.0,0.0,-20.0,-8.0,-5.0,-9.0,-6.0,-10.0,-15.0,-7.0,0.0,-6.0,-20.0,-6.0,-8.0,-6.0,0.0,0.0,-5.0,0.0,0.0,0.0,-8.0,-20.0,0.0,-20.0,0.0,12.387873167997402,0.0,0.0,0.0,0.0
SA30940,-7.0,-13.0,0.0,-1.0,-2.0,0.0,0.0,-2.0,-1.0,0.0,-2.0,-3.0,0.0,0.0,0.0,0.0,0.0,-2.0,0.0,0.0,0.0,0.0,0.0,0.0,0.0,0.0,-20.0,-8.0,-4.0,-9.0,-6.0,-10.0,-15.0,-7.0,0.0,-6.0,-20.0,-6.0,-7.0,0.0,0.0,0.0,-5.0,-6.0,0.0,-11.0,0.0,-14.0,-8.0,-15.0,0.0,11.803202747150022,0.0,-28.0,0.0,0.0
SA31086,-12.0,-13.0,0.0,0.0,0.0,0.0,0.0,0.0,0.0,0.0,0.0,-8.0,0.0,0.0,0.0,0.0,0.0,0.0,0.0,0.0,0.0,0.0,0.0,0.0,-7.0,0.0,-20.0,0.0,0.0,-9.0,-14.0,-10.0,-15.0,-7.0,0.0,0.0,-20.0,-6.0,-11.0,0.0,0.0,0.0,-5.0,-16.0,0.0,0.0,0.0,-15.0,0.0,-20.0,0.0,12.48026325524001,0.0,0.0,0.0,0.0
SA31106,-9.0,-13.0,0.0,0.0,0.0,0.0,0.0,0.0,0.0,0.0,0.0,-3.0,0.0,0.0,0.0,0.0,0.0,0.0,0.0,0.0,0.0,0.0,0.0,0.0,-1.0,0.0,-20.0,-8.0,-5.0,-9.0,0.0,-10.0,-15.0,-7.0,0.0,-6.0,-20.0,-6.0,-8.0,0.0,0.0,0.0,-5.0,0.0,0.0,-11.0,-8.0,-20.0,0.0,-20.0,0.0,12.445828030525776,0.0,0.0,0.0,0.0
SA31128,-9.0,-13.0,0.0,0.0,0.0,0.0,0.0,0.0,0.0,0.0,0.0,-3.0,0.0,0.0,0.0,0.0,0.0,0.0,0.0,0.0,0.0,0.0,0.0,0.0,0.0,0.0,-20.0,0.0,-5.0,-9.0,-14.0,-10.0,-15.0,-7.0,0.0,-6.0,-20.0,-6.0,-8.0,0.0,0.0,0.0,-5.0,0.0,0.0,-11.0,-8.0,-20.0,0.0,-15.0,0.0,12.445783832241093,0.0,0.0,0.0,0.0
SA31201,-7.0,-13.0,0.0,0.0,0.0,0.0,0.0,0.0,0.0,0.0,0.0,-3.0,0.0,0.0,0.0,0.0,0.0,0.0,0.0,0.0,0.0,0.0,0.0,0.0,0.0,0.0,-20.0,-8.0,-5.0,-9.0,-6.0,-10.0,-15.0,-7.0,0.0,-6.0,-20.0,-6.0,-8.0,0.0,0.0,0.0,-5.0,-6.0,0.0,-11.0,0.0,-15.0,-8.0,-15.0,0.0,12.41807602979977,0.0,0.0,0.0,0.0
SA31229,-2.0,-13.0,0.0,-1.0,-2.0,0.0,0.0,-2.0,-1.0,-2.0,-2.0,-2.0,0.0,0.0,0.0,0.0,0.0,-2.0,0.0,0.0,0.0,0.0,0.0,0.0,0.0,0.0,-20.0,-8.0,-4.0,-9.0,-6.0,-7.0,-15.0,-7.0,-4.0,-6.0,-17.0,-6.0,-5.0,-6.0,-3.0,0.0,-5.0,-6.0,-3.0,-11.0,0.0,-14.0,-8.0,-9.0,-2.0,11.72457199903006,8.881784197001252e-16,-28.0,0.0,0.0
SA31237,-7.0,-13.0,0.0,0.0,0.0,0.0,0.0,0.0,0.0,0.0,0.0,-3.0,0.0,0.0,0.0,0.0,0.0,0.0,0.0,0.0,0.0,0.0,0.0,0.0,0.0,0.0,-20.0,-8.0,-5.0,-9.0,-6.0,-10.0,-15.0,-7.0,0.0,-6.0,-20.0,-6.0,-8.0,-6.0,0.0,0.0,-5.0,0.0,0.0,-11.0,-8.0,-20.0,0.0,-9.0,0.0,12.420043946444492,0.0,0.0,0.0,0.0
SA31293,-8.0,-13.0,0.0,0.0,0.0,0.0,0.0,0.0,0.0,0.0,0.0,-1.0,0.0,0.0,0.0,0.0,0.0,0.0,0.0,0.0,0.0,0.0,0.0,0.0,0.0,0.0,-20.0,0.0,-5.0,-9.0,-14.0,-10.0,-15.0,-7.0,0.0,-6.0,-20.0,-6.0,-8.0,0.0,-3.0,0.0,-5.0,0.0,0.0,-11.0,-8.0,-20.0,0.0,-15.0,0.0,12.433652445910093,0.0,0.0,0.0,0.0
SA31315,-14.0,-13.0,0.0,0.0,0.0,0.0,0.0,0.0,0.0,0.0,0.0,-8.0,0.0,0.0,0.0,0.0,0.0,0.0,0.0,0.0,0.0,0.0,0.0,0.0,-7.0,0.0,-20.0,0.0,0.0,-9.0,-14.0,-16.0,-15.0,0.0,0.0,0.0,-20.0,0.0,-11.0,0.0,0.0,0.0,-5.0,-16.0,0.0,0.0,0.0,-19.0,0.0,-20.0,0.0,12.524695202641308,0.0,0.0,0.0,0.0
SA31384,0.0,-13.0,0.0,0.0,0.0,0.0,0.0,0.0,0.0,0.0,0.0,0.0,0.0,0.0,0.0,0.0,0.0,0.0,0.0,0.0,0.0,0.0,0.0,0.0,0.0,0.0,-20.0,-7.0,-5.0,-9.0,-6.0,-7.0,-15.0,-7.0,-4.0,-6.0,-17.0,-6.0,-6.0,-6.0,-3.0,-2.0,-5.0,-6.0,-3.0,-11.0,-5.0,-15.0,-3.0,-9.0,-2.0,12.371208280287613,0.0,0.0,0.0,0.0
SA31385,-11.0,-13.0,0.0,0.0,0.0,0.0,0.0,0.0,0.0,0.0,0.0,-3.0,0.0,0.0,0.0,0.0,0.0,0.0,0.0,0.0,0.0,0.0,0.0,0.0,-10.0,0.0,-20.0,-8.0,-5.0,-9.0,0.0,-16.0,-15.0,-7.0,0.0,-6.0,-20.0,0.0,-8.0,0.0,0.0,0.0,-5.0,0.0,0.0,0.0,-8.0,-20.0,0.0,-20.0,0.0,12.436441125533769,0.0,0.0,0.0,0.0
SA31408,-3.0,-13.0,0.0,-1.0,-2.0,0.0,0.0,-2.0,-1.0,-2.0,-2.0,-2.0,0.0,0.0,0.0,0.0,0.0,-2.0,0.0,0.0,0.0,0.0,0.0,0.0,0.0,0.0,-20.0,-8.0,-4.0,-9.0,-6.0,-10.0,-15.0,-7.0,-4.0,-6.0,-17.0,-6.0,-5.0,-6.0,-3.0,0.0,-5.0,-6.0,0.0,-11.0,0.0,-14.0,-8.0,-9.0,-2.0,11.76764263266988,8.881784197001252e-16,-28.0,0.0,0.0
SA31474,-4.0,-13.0,0.0,0.0,0.0,0.0,0.0,0.0,0.0,0.0,0.0,-1.0,0.0,0.0,0.0,0.0,0.0,0.0,0.0,0.0,0.0,0.0,0.0,0.0,0.0,0.0,-20.0,-8.0,-5.0,-9.0,-6.0,-10.0,-15.0,-7.0,0.0,-6.0,-20.0,-6.0,-6.0,-6.0,-3.0,0.0,-5.0,-6.0,0.0,-11.0,0.0,-15.0,-8.0,-9.0,-2.0,12.382383872628612,0.0,0.0,0.0,0.0
SA31529,-7.0,-13.0,0.0,0.0,0.0,0.0,0.0,0.0,0.0,0.0,0.0,-1.0,0.0,0.0,0.0,0.0,0.0,0.0,0.0,0.0,0.0,0.0,0.0,0.0,0.0,0.0,-20.0,-8.0,-5.0,-9.0,-6.0,-10.0,-15.0,-7.0,0.0,-6.0,-20.0,-6.0,-8.0,0.0,-3.0,0.0,-5.0,0.0,0.0,-11.0,-8.0,-20.0,0.0,-15.0,0.0,12.380054636621487,0.0,0.0,0.0,0.0
SA31576,-11.0,-13.0,0.0,0.0,0.0,0.0,0.0,0.0,0.0,0.0,0.0,-3.0,0.0,0.0,0.0,0.0,0.0,0.0,0.0,0.0,0.0,0.0,0.0,0.0,-10.0,0.0,-20.0,-8.0,0.0,-9.0,0.0,-10.0,-15.0,-7.0,0.0,-6.0,-20.0,-11.0,-8.0,0.0,0.0,0.0,-5.0,0.0,0.0,0.0,-8.0,-20.0,0.0,-20.0,0.0,12.47320605464546,0.0,0.0,0.0,0.0
SA31642,-18.0,-20.0,0.0,0.0,0.0,-15.0,0.0,0.0,0.0,0.0,0.0,-10.0,0.0,0.0,0.0,0.0,0.0,0.0,0.0,0.0,0.0,0.0,-11.0,0.0,0.0,0.0,-20.0,0.0,0.0,-14.0,-20.0,-19.0,-15.0,0.0,0.0,0.0,-20.0,0.0,0.0,0.0,0.0,0.0,0.0,0.0,0.0,0.0,0.0,-20.0,0.0,0.0,0.0,12.659282964945278,0.0,0.0,0.0,0.0
SA31660,-13.0,-13.0,0.0,0.0,0.0,0.0,0.0,0.0,0.0,0.0,0.0,-1.0,0.0,0.0,0.0,0.0,0.0,0.0,0.0,0.0,0.0,0.0,0.0,0.0,-7.0,0.0,-20.0,0.0,0.0,-9.0,-14.0,-16.0,-15.0,0.0,0.0,0.0,-20.0,0.0,-11.0,0.0,-8.0,0.0,-5.0,-16.0,0.0,0.0,0.0,-19.0,0.0,-20.0,0.0,12.511284845126347,0.0,0.0,0.0,0.0
SA31691,-10.0,-13.0,0.0,0.0,0.0,0.0,0.0,0.0,0.0,0.0,0.0,-1.0,0.0,0.0,0.0,0.0,0.0,0.0,0.0,0.0,0.0,0.0,0.0,0.0,0.0,0.0,-20.0,0.0,0.0,-9.0,-14.0,-10.0,-15.0,-7.0,0.0,0.0,-20.0,-6.0,-11.0,0.0,-8.0,0.0,-5.0,-16.0,0.0,-11.0,0.0,-15.0,0.0,-15.0,0.0,12.458551556675094,0.0,0.0,0.0,0.0
SA31714,-6.0,-13.0,0.0,0.0,0.0,0.0,0.0,0.0,0.0,0.0,0.0,-3.0,0.0,0.0,0.0,0.0,0.0,0.0,0.0,0.0,0.0,0.0,0.0,0.0,0.0,0.0,-20.0,-8.0,-5.0,-9.0,-6.0,-10.0,-15.0,-7.0,0.0,-6.0,-20.0,-6.0,-8.0,-6.0,0.0,0.0,-5.0,-6.0,0.0,-11.0,-8.0,-15.0,0.0,-9.0,0.0,12.406365911827868,0.0,0.0,0.0,0.0
SA31752,-8.0,-13.0,0.0,0.0,0.0,0.0,0.0,0.0,0.0,0.0,0.0,-3.0,0.0,0.0,0.0,0.0,0.0,0.0,0.0,0.0,0.0,0.0,0.0,0.0,-1.0,0.0,-20.0,-8.0,-5.0,-9.0,-6.0,-10.0,-15.0,-7.0,0.0,-6.0,-20.0,-6.0,-8.0,-6.0,0.0,0.0,-5.0,0.0,0.0,0.0,-8.0,-20.0,0.0,-20.0,0.0,12.42834528749445,0.0,0.0,0.0,0.0
SA31785,-13.0,-13.0,0.0,0.0,0.0,0.0,0.0,0.0,0.0,0.0,0.0,-8.0,0.0,0.0,0.0,0.0,0.0,0.0,0.0,0.0,0.0,0.0,0.0,0.0,-7.0,0.0,-20.0,0.0,0.0,-9.0,-14.0,-10.0,-15.0,0.0,0.0,0.0,-20.0,-6.0,-11.0,0.0,0.0,0.0,-5.0,-16.0,0.0,0.0,0.0,-19.0,0.0,-20.0,0.0,12.501911329186223,0.0,0.0,0.0,0.0
SA31786,-11.0,-13.0,0.0,0.0,0.0,0.0,0.0,0.0,0.0,0.0,0.0,-8.0,0.0,0.0,0.0,0.0,0.0,0.0,0.0,0.0,0.0,0.0,0.0,0.0,-10.0,0.0,-20.0,-8.0,-5.0,-9.0,0.0,-10.0,-15.0,-7.0,0.0,-6.0,-20.0,-6.0,-11.0,0.0,0.0,0.0,-5.0,0.0,0.0,0.0,0.0,-20.0,0.0,-20.0,0.0,12.464600044989798,0.0,0.0,0.0,0.0
SA31806,-6.0,-13.0,0.0,0.0,0.0,0.0,0.0,0.0,0.0,0.0,0.0,-3.0,0.0,0.0,0.0,0.0,0.0,0.0,0.0,0.0,0.0,0.0,0.0,0.0,0.0,0.0,-20.0,-8.0,-5.0,-9.0,-6.0,-10.0,-15.0,-7.0,0.0,-6.0,-20.0,-6.0,-8.0,-6.0,0.0,0.0,-5.0,-6.0,0.0,-11.0,0.0,-15.0,-8.0,-9.0,0.0,12.36559557152885,0.0,0.0,0.0,0.0
SA31812,-11.0,-13.0,0.0,0.0,0.0,0.0,0.0,0.0,0.0,0.0,0.0,-8.0,0.0,0.0,0.0,0.0,0.0,0.0,0.0,0.0,0.0,0.0,0.0,0.0,-10.0,0.0,-20.0,-8.0,-5.0,-9.0,0.0,-10.0,-15.0,-7.0,0.0,-6.0,-20.0,-6.0,-11.0,0.0,0.0,0.0,-5.0,0.0,0.0,0.0,0.0,-20.0,0.0,-20.0,0.0,12.443291428242523,0.0,0.0,0.0,0.0
SA31813,-5.0,-13.0,0.0,0.0,0.0,0.0,0.0,0.0,0.0,0.0,0.0,-1.0,0.0,0.0,0.0,0.0,0.0,0.0,0.0,0.0,0.0,0.0,0.0,0.0,0.0,0.0,-20.0,-8.0,-5.0,-9.0,-6.0,-10.0,-15.0,-7.0,0.0,-6.0,-20.0,-6.0,-8.0,-6.0,-3.0,0.0,-5.0,-6.0,0.0,-11.0,-8.0,-15.0,0.0,-9.0,0.0,12.354021556931093,0.0,0.0,0.0,0.0
SA31823,-5.0,-13.0,0.0,-1.0,-2.0,0.0,0.0,-2.0,-1.0,0.0,-2.0,-3.0,0.0,0.0,0.0,0.0,0.0,-2.0,0.0,0.0,0.0,0.0,0.0,0.0,0.0,0.0,-20.0,-8.0,-4.0,-9.0,-6.0,-10.0,-15.0,-7.0,0.0,-6.0,-20.0,-6.0,-5.0,-6.0,0.0,0.0,-5.0,-6.0,0.0,-11.0,0.0,-14.0,-8.0,-9.0,-2.0,11.783011523764209,0.0,-28.0,0.0,0.0
SA31826,-8.0,-13.0,0.0,0.0,0.0,0.0,0.0,0.0,0.0,0.0,0.0,-3.0,0.0,0.0,0.0,0.0,0.0,0.0,0.0,0.0,0.0,0.0,0.0,0.0,-1.0,0.0,-20.0,-8.0,-5.0,-9.0,0.0,-10.0,-15.0,-7.0,0.0,-6.0,-20.0,-6.0,-8.0,0.0,0.0,0.0,-5.0,-6.0,0.0,-11.0,-8.0,-15.0,0.0,-20.0,0.0,12.432149995909153,0.0,0.0,0.0,0.0
SA31833,0.0,-13.0,0.0,0.0,0.0,0.0,0.0,0.0,0.0,0.0,0.0,0.0,0.0,0.0,0.0,0.0,0.0,0.0,0.0,0.0,0.0,0.0,0.0,0.0,0.0,0.0,-20.0,-7.0,-5.0,-9.0,-6.0,-7.0,-15.0,-7.0,-4.0,-6.0,-17.0,-6.0,-6.0,-6.0,-3.0,-2.0,-5.0,-6.0,-3.0,-11.0,-5.0,-15.0,-3.0,-9.0,-2.0,12.331172518430334,0.0,0.0,0.0,0.0
SA31835,-2.0,-13.0,0.0,-1.0,-2.0,0.0,0.0,-2.0,-1.0,-2.0,-2.0,-2.0,0.0,0.0,0.0,0.0,0.0,-2.0,0.0,0.0,0.0,0.0,0.0,0.0,0.0,0.0,-20.0,-8.0,-4.0,-9.0,-6.0,-7.0,-15.0,-7.0,-4.0,-6.0,-17.0,-6.0,-5.0,-6.0,-3.0,0.0,-5.0,-6.0,-3.0,-11.0,0.0,-14.0,-8.0,-9.0,-2.0,11.764697412227207,8.881784197001252e-16,-28.0,0.0,0.0
SA31852,-10.0,-13.0,0.0,0.0,0.0,0.0,0.0,0.0,0.0,0.0,0.0,-3.0,0.0,0.0,0.0,0.0,0.0,0.0,0.0,0.0,0.0,0.0,0.0,0.0,0.0,0.0,-20.0,0.0,0.0,-9.0,-14.0,-10.0,-15.0,-7.0,0.0,0.0,-20.0,-6.0,-8.0,0.0,0.0,0.0,-5.0,-16.0,0.0,-11.0,0.0,-15.0,-8.0,-15.0,0.0,12.460846313674116,0.0,0.0,0.0,0.0
SA31874,-19.0,-20.0,0.0,0.0,0.0,-17.0,0.0,0.0,0.0,0.0,0.0,-20.0,0.0,0.0,0.0,0.0,0.0,0.0,0.0,0.0,0.0,0.0,-15.0,0.0,0.0,0.0,-20.0,0.0,0.0,-14.0,-20.0,0.0,-15.0,0.0,0.0,0.0,-20.0,0.0,0.0,0.0,0.0,0.0,0.0,0.0,0.0,0.0,0.0,-20.0,0.0,0.0,0.0,12.68271996811483,0.0,0.0,0.0,0.0
SA31877,-6.0,-13.0,0.0,-1.0,-2.0,0.0,0.0,-2.0,-1.0,0.0,-2.0,-3.0,0.0,0.0,0.0,0.0,0.0,-2.0,0.0,0.0,0.0,0.0,0.0,0.0,0.0,0.0,-20.0,-8.0,-4.0,-9.0,-6.0,-10.0,-15.0,-7.0,0.0,-6.0,-20.0,-6.0,-7.0,-6.0,0.0,0.0,-5.0,-6.0,0.0,-11.0,-8.0,-14.0,0.0,-9.0,0.0,11.752861412716712,0.0,-28.0,0.0,0.0
SA31903,-16.0,-13.0,0.0,0.0,0.0,-15.0,0.0,0.0,0.0,0.0,0.0,-10.0,0.0,0.0,0.0,0.0,0.0,0.0,0.0,0.0,0.0,0.0,0.0,0.0,0.0,0.0,-20.0,0.0,0.0,-14.0,-20.0,-16.0,-15.0,0.0,0.0,0.0,-20.0,0.0,-11.0,0.0,0.0,0.0,0.0,-16.0,0.0,0.0,0.0,-19.0,0.0,0.0,0.0,12.581524706631736,0.0,0.0,0.0,0.0
SA31938,-12.0,-13.0,0.0,0.0,0.0,0.0,0.0,0.0,0.0,0.0,0.0,-8.0,0.0,0.0,0.0,0.0,0.0,0.0,0.0,0.0,0.0,0.0,0.0,0.0,-10.0,0.0,-20.0,-8.0,0.0,-9.0,0.0,-10.0,-15.0,-7.0,0.0,-6.0,-20.0,-11.0,-11.0,0.0,0.0,0.0,-5.0,0.0,0.0,0.0,0.0,-20.0,0.0,-20.0,0.0,12.442705455433016,0.0,0.0,0.0,0.0
SA31998,-6.0,-13.0,0.0,0.0,0.0,0.0,0.0,0.0,0.0,0.0,0.0,-1.0,0.0,0.0,0.0,0.0,0.0,0.0,0.0,0.0,0.0,0.0,0.0,0.0,-1.0,0.0,-20.0,-8.0,-5.0,-9.0,-6.0,-10.0,-15.0,-7.0,0.0,-6.0,-20.0,-6.0,-8.0,-6.0,-3.0,0.0,-5.0,-6.0,0.0,0.0,0.0,-15.0,-8.0,-20.0,0.0,12.401890939444959,0.0,0.0,0.0,0.0
SA32065,-5.0,-13.0,0.0,-1.0,-2.0,0.0,0.0,-2.0,-1.0,0.0,-2.0,-3.0,0.0,0.0,0.0,0.0,0.0,-2.0,0.0,0.0,0.0,0.0,0.0,0.0,0.0,0.0,-20.0,-8.0,-4.0,-9.0,-6.0,-10.0,-15.0,-7.0,0.0,-6.0,-20.0,-6.0,-5.0,-6.0,0.0,0.0,-5.0,-6.0,0.0,-11.0,-8.0,-14.0,0.0,-9.0,-2.0,11.78365645086608,0.0,-28.0,0.0,0.0
SA32087,-6.0,-13.0,0.0,0.0,0.0,0.0,0.0,0.0,0.0,0.0,0.0,-1.0,0.0,0.0,0.0,0.0,0.0,0.0,0.0,0.0,0.0,0.0,0.0,0.0,0.0,0.0,-20.0,-8.0,-5.0,-9.0,-6.0,-10.0,-15.0,-7.0,0.0,-6.0,-20.0,-6.0,-8.0,-6.0,-3.0,0.0,-5.0,0.0,0.0,-11.0,-8.0,-20.0,0.0,-9.0,0.0,12.407912560113495,0.0,0.0,0.0,0.0
SA32090,-3.0,-13.0,0.0,-1.0,-2.0,0.0,0.0,-2.0,-1.0,-2.0,-2.0,-2.0,0.0,0.0,0.0,0.0,0.0,-2.0,0.0,0.0,0.0,0.0,0.0,0.0,0.0,0.0,-20.0,-8.0,-4.0,-9.0,-6.0,-10.0,-15.0,-7.0,-4.0,-6.0,-17.0,-6.0,-5.0,-6.0,-3.0,0.0,-5.0,-6.0,0.0,-11.0,-8.0,-14.0,0.0,-9.0,-2.0,11.768287559771748,8.881784197001252e-16,-28.0,0.0,0.0
SA32094,-7.0,-13.0,0.0,0.0,0.0,0.0,0.0,0.0,0.0,0.0,0.0,-1.0,0.0,0.0,0.0,0.0,0.0,0.0,0.0,0.0,0.0,0.0,0.0,0.0,-1.0,0.0,-20.0,-8.0,-5.0,-9.0,-6.0,-10.0,-15.0,-7.0,0.0,-6.0,-20.0,-6.0,-8.0,-6.0,-3.0,0.0,-5.0,0.0,0.0,0.0,0.0,-20.0,-8.0,-20.0,0.0,12.415568974061584,0.0,0.0,0.0,0.0
SA32095,-4.0,-13.0,0.0,-1.0,-2.0,0.0,0.0,-2.0,-1.0,0.0,-2.0,-2.0,0.0,0.0,0.0,0.0,0.0,-2.0,0.0,0.0,0.0,0.0,0.0,0.0,0.0,0.0,-20.0,-8.0,-4.0,-9.0,-6.0,-10.0,-15.0,-7.0,0.0,-6.0,-20.0,-6.0,-5.0,-6.0,-3.0,0.0,-5.0,-6.0,0.0,-11.0,0.0,-14.0,-8.0,-9.0,-2.0,11.732324994606014,0.0,-28.0,0.0,0.0
SA32110,-10.0,-13.0,0.0,0.0,0.0,0.0,0.0,0.0,0.0,0.0,0.0,-3.0,0.0,0.0,0.0,0.0,0.0,0.0,0.0,0.0,0.0,0.0,0.0,0.0,-10.0,0.0,-20.0,-8.0,-5.0,-9.0,0.0,-10.0,-15.0,-7.0,0.0,-6.0,-20.0,-6.0,-8.0,0.0,0.0,0.0,-5.0,0.0,0.0,0.0,-8.0,-20.0,0.0,-20.0,0.0,12.454129371575736,0.0,0.0,0.0,0.0
SA32118,-9.0,-13.0,0.0,0.0,0.0,0.0,0.0,0.0,0.0,0.0,0.0,-1.0,0.0,0.0,0.0,0.0,0.0,0.0,0.0,0.0,0.0,0.0,0.0,0.0,-1.0,0.0,-20.0,-8.0,-5.0,-9.0,0.0,-10.0,-15.0,-7.0,0.0,-6.0,-20.0,-6.0,-11.0,0.0,-8.0,0.0,-5.0,0.0,0.0,-11.0,0.0,-20.0,0.0,-20.0,0.0,12.442888346424883,0.0,0.0,0.0,0.0
SA32127,-8.0,-13.0,0.0,0.0,0.0,0.0,0.0,0.0,0.0,0.0,0.0,-3.0,0.0,0.0,0.0,0.0,0.0,0.0,0.0,0.0,0.0,0.0,0.0,0.0,-1.0,0.0,-20.0,-8.0,-5.0,-9.0,0.0,-10.0,-15.0,-7.0,0.0,-6.0,-20.0,-6.0,-8.0,0.0,0.0,0.0,-5.0,-6.0,0.0,-11.0,-8.0,-15.0,0.0,-20.0,0.0,12.391937027343374,0.0,0.0,0.0,0.0
SA32164,-8.0,-13.0,0.0,-1.0,-2.0,0.0,0.0,-2.0,-1.0,0.0,-2.0,-3.0,0.0,0.0,0.0,0.0,0.0,-2.0,0.0,0.0,0.0,0.0,0.0,0.0,-1.0,0.0,-20.0,-8.0,-4.0,-9.0,0.0,-10.0,-15.0,-7.0,0.0,-6.0,-20.0,-6.0,-7.0,0.0,0.0,0.0,-5.0,-6.0,0.0,-11.0,0.0,-14.0,-8.0,-20.0,0.0,11.815113523789865,0.0,-28.0,0.0,0.0
SA32174,-13.0,-13.0,0.0,0.0,0.0,0.0,0.0,0.0,0.0,0.0,0.0,-8.0,0.0,0.0,0.0,0.0,0.0,0.0,0.0,0.0,0.0,0.0,-4.0,0.0,-10.0,0.0,-20.0,-8.0,-5.0,-9.0,0.0,-16.0,-15.0,0.0,0.0,-6.0,-20.0,0.0,-11.0,0.0,0.0,0.0,-5.0,0.0,0.0,0.0,0.0,-20.0,0.0,-20.0,0.0,12.509031992391098,0.0,0.0,0.0,0.0
SA32285,-8.0,-13.0,0.0,-1.0,-2.0,0.0,0.0,-2.0,-1.0,0.0,-2.0,-3.0,0.0,0.0,0.0,0.0,0.0,-2.0,0.0,0.0,0.0,0.0,0.0,0.0,0.0,0.0,-20.0,-8.0,-4.0,-9.0,-6.0,-10.0,-15.0,-7.0,0.0,-6.0,-20.0,-6.0,-7.0,0.0,0.0,0.0,-5.0,0.0,0.0,-11.0,-8.0,-19.0,0.0,-15.0,0.0,11.815512715789737,0.0,-28.0,0.0,0.0
SA32297,-10.0,-13.0,0.0,0.0,0.0,0.0,0.0,0.0,0.0,0.0,0.0,-1.0,0.0,0.0,0.0,0.0,0.0,0.0,0.0,0.0,0.0,0.0,0.0,0.0,-5.0,0.0,-20.0,-8.0,0.0,-9.0,0.0,-10.0,-15.0,-7.0,0.0,0.0,-20.0,-6.0,-11.0,-6.0,-8.0,0.0,-5.0,-16.0,0.0,0.0,0.0,-15.0,0.0,-20.0,0.0,12.454543578461557,0.0,0.0,0.0,0.0
SA32300,-21.0,-20.0,0.0,0.0,0.0,0.0,0.0,0.0,0.0,0.0,0.0,0.0,0.0,0.0,0.0,0.0,0.0,0.0,0.0,0.0,0.0,0.0,-20.0,0.0,-20.0,0.0,-20.0,0.0,0.0,0.0,0.0,0.0,0.0,0.0,0.0,0.0,0.0,0.0,-19.0,0.0,0.0,0.0,0.0,0.0,0.0,0.0,0.0,-20.0,0.0,-20.0,0.0,12.954932923511471,0.0,0.0,0.0,0.0
SA32312,-4.0,-13.0,0.0,0.0,0.0,0.0,0.0,0.0,0.0,0.0,0.0,-1.0,0.0,0.0,0.0,0.0,0.0,0.0,0.0,0.0,0.0,0.0,0.0,0.0,0.0,0.0,-20.0,-8.0,-5.0,-9.0,-6.0,-10.0,-15.0,-7.0,0.0,-6.0,-20.0,-6.0,-6.0,-6.0,-3.0,0.0,-5.0,-6.0,0.0,-11.0,-8.0,-15.0,0.0,-9.0,-2.0,12.342815831164703,0.0,0.0,0.0,0.0
SA32313,-2.0,-13.0,0.0,-1.0,-2.0,0.0,0.0,-2.0,-1.0,-2.0,-2.0,-2.0,0.0,0.0,0.0,0.0,0.0,-2.0,0.0,0.0,0.0,0.0,0.0,0.0,0.0,0.0,-20.0,-8.0,-4.0,-9.0,-6.0,-7.0,-15.0,-7.0,-4.0,-6.0,-17.0,-6.0,-5.0,-6.0,-3.0,0.0,-5.0,-6.0,-3.0,-11.0,-8.0,-14.0,0.0,-9.0,-2.0,11.765342339329079,8.881784197001252e-16,-28.0,0.0,0.0
SA32314,-5.0,-13.0,0.0,0.0,0.0,0.0,0.0,0.0,0.0,0.0,0.0,-1.0,0.0,0.0,0.0,0.0,0.0,0.0,0.0,0.0,0.0,0.0,0.0,0.0,0.0,0.0,-20.0,-8.0,-5.0,-9.0,-6.0,-10.0,-15.0,-7.0,0.0,-6.0,-20.0,-6.0,-8.0,-6.0,-3.0,0.0,-5.0,-6.0,0.0,-11.0,-8.0,-15.0,0.0,-9.0,0.0,12.394234525496872,0.0,0.0,0.0,0.0
SA32316,-12.0,-13.0,0.0,0.0,0.0,0.0,0.0,0.0,0.0,0.0,0.0,-8.0,0.0,0.0,0.0,0.0,0.0,0.0,0.0,0.0,0.0,0.0,0.0,0.0,-10.0,0.0,-20.0,-8.0,-11.0,-9.0,0.0,-10.0,-15.0,-7.0,0.0,0.0,-20.0,-6.0,-11.0,0.0,0.0,0.0,-5.0,0.0,0.0,0.0,0.0,-20.0,0.0,-20.0,0.0,12.48374339311805,0.0,0.0,0.0,0.0
SA32322,-8.0,-13.0,0.0,-1.0,-2.0,0.0,0.0,-2.0,-1.0,0.0,-2.0,-3.0,0.0,0.0,0.0,0.0,0.0,-2.0,0.0,0.0,0.0,0.0,0.0,0.0,0.0,0.0,-20.0,-8.0,-4.0,-9.0,-6.0,-10.0,-15.0,-7.0,0.0,-6.0,-20.0,-6.0,-7.0,0.0,0.0,0.0,-5.0,0.0,0.0,-11.0,0.0,-19.0,-8.0,-15.0,0.0,11.814867788687868,0.0,-28.0,0.0,0.0
SA32340,-20.0,-20.0,0.0,0.0,0.0,-17.0,0.0,0.0,0.0,0.0,0.0,-20.0,0.0,0.0,0.0,0.0,0.0,0.0,0.0,0.0,0.0,0.0,-15.0,0.0,0.0,0.0,-20.0,0.0,0.0,0.0,-20.0,0.0,-15.0,0.0,0.0,0.0,-20.0,0.0,0.0,0.0,0.0,0.0,0.0,0.0,0.0,0.0,0.0,-20.0,0.0,0.0,0.0,12.791008676377386,0.0,-1.0,0.0,0.0
SA32346,-1.0,-13.0,0.0,0.0,0.0,0.0,0.0,0.0,0.0,0.0,0.0,0.0,0.0,0.0,0.0,0.0,0.0,0.0,0.0,0.0,0.0,0.0,0.0,0.0,0.0,0.0,-20.0,-8.0,-5.0,-9.0,-6.0,-7.0,-15.0,-7.0,-4.0,-6.0,-17.0,-6.0,-6.0,-6.0,-3.0,0.0,-5.0,-6.0,-3.0,-11.0,-5.0,-15.0,-3.0,-9.0,-2.0,12.332085029760107,0.0,0.0,0.0,0.0
SA32348,-8.0,-13.0,0.0,0.0,0.0,0.0,0.0,0.0,0.0,0.0,0.0,-3.0,0.0,0.0,0.0,0.0,0.0,0.0,0.0,0.0,0.0,0.0,0.0,0.0,0.0,0.0,-20.0,-8.0,-5.0,-9.0,-6.0,-10.0,-15.0,-7.0,0.0,-6.0,-20.0,-6.0,-8.0,0.0,0.0,0.0,-5.0,0.0,0.0,-11.0,-8.0,-20.0,0.0,-15.0,0.0,12.392186022952485,0.0,0.0,0.0,0.0
SA32350,-5.0,-13.0,0.0,-1.0,-2.0,0.0,0.0,-2.0,-1.0,0.0,-2.0,-3.0,0.0,0.0,0.0,0.0,0.0,-2.0,0.0,0.0,0.0,0.0,0.0,0.0,0.0,0.0,-20.0,-8.0,-4.0,-9.0,-6.0,-10.0,-15.0,-7.0,0.0,-6.0,-20.0,-6.0,-5.0,-6.0,0.0,0.0,-5.0,-6.0,0.0,-11.0,-8.0,-14.0,0.0,-9.0,-2.0,11.7434434823003,0.0,-28.0,0.0,0.0
SA32353,-5.0,-13.0,0.0,0.0,0.0,0.0,0.0,0.0,0.0,0.0,0.0,-1.0,0.0,0.0,0.0,0.0,0.0,0.0,0.0,0.0,0.0,0.0,0.0,0.0,0.0,0.0,-20.0,-8.0,-5.0,-9.0,-6.0,-10.0,-15.0,-7.0,0.0,-6.0,-20.0,-6.0,-8.0,-6.0,-3.0,0.0,-5.0,-6.0,0.0,-11.0,0.0,-15.0,-8.0,-9.0,0.0,12.353464185197854,0.0,0.0,0.0,0.0
SA32365,-6.0,-13.0,0.0,0.0,0.0,0.0,0.0,0.0,0.0,0.0,0.0,-1.0,0.0,0.0,0.0,0.0,0.0,0.0,0.0,0.0,0.0,0.0,0.0,0.0,-1.0,0.0,-20.0,-8.0,-5.0,-9.0,-6.0,-10.0,-15.0,-7.0,0.0,-6.0,-20.0,-6.0,-8.0,-6.0,-3.0,0.0,-5.0,-6.0,0.0,0.0,0.0,-15.0,-8.0,-20.0,0.0,12.361506375316537,0.0,0.0,0.0,0.0
SA32370,-14.0,-13.0,0.0,0.0,0.0,0.0,0.0,0.0,0.0,0.0,0.0,-8.0,0.0,0.0,0.0,0.0,0.0,0.0,0.0,0.0,0.0,0.0,-4.0,0.0,-10.0,0.0,-20.0,-8.0,-11.0,-9.0,0.0,-16.0,-15.0,0.0,0.0,0.0,-20.0,0.0,-11.0,0.0,0.0,0.0,-5.0,0.0,0.0,0.0,0.0,-20.0,0.0,-20.0,0.0,12.487271478439274,0.0,0.0,0.0,0.0
SA32382,-9.0,-13.0,0.0,0.0,0.0,0.0,0.0,0.0,0.0,0.0,0.0,-3.0,0.0,0.0,0.0,0.0,0.0,0.0,0.0,0.0,0.0,0.0,0.0,0.0,-1.0,0.0,-20.0,-8.0,-5.0,-9.0,0.0,-10.0,-15.0,-7.0,0.0,-6.0,-20.0,-6.0,-8.0,0.0,0.0,0.0,-5.0,0.0,0.0,-11.0,-8.0,-20.0,0.0,-20.0,0.0,12.405615061959997,0.0,0.0,0.0,0.0
SA32412,-4.0,-13.0,0.0,-1.0,-2.0,0.0,0.0,-2.0,-1.0,0.0,-2.0,-2.0,0.0,0.0,0.0,0.0,0.0,-2.0,0.0,0.0,0.0,0.0,0.0,0.0,0.0,0.0,-20.0,-8.0,-4.0,-9.0,-6.0,-10.0,-15.0,-7.0,0.0,-6.0,-20.0,-6.0,-5.0,-6.0,-3.0,0.0,-5.0,-6.0,0.0,-11.0,-8.0,-14.0,0.0,-9.0,-2.0,11.732882366339254,0.0,-28.0,0.0,0.0
SA32421,-10.0,-13.0,0.0,0.0,0.0,0.0,0.0,0.0,0.0,0.0,0.0,-1.0,0.0,0.0,0.0,0.0,0.0,0.0,0.0,0.0,0.0,0.0,0.0,0.0,-1.0,0.0,-20.0,0.0,0.0,-9.0,-14.0,-10.0,-15.0,-7.0,0.0,0.0,-20.0,-6.0,-11.0,-6.0,-8.0,0.0,-5.0,-16.0,0.0,0.0,0.0,-15.0,0.0,-20.0,0.0,12.45449785265128,0.0,0.0,0.0,0.0
SA32438,-10.0,-13.0,0.0,0.0,0.0,0.0,0.0,0.0,0.0,0.0,0.0,-3.0,0.0,0.0,0.0,0.0,0.0,0.0,0.0,0.0,0.0,0.0,0.0,0.0,-10.0,0.0,-20.0,-8.0,-5.0,-9.0,0.0,-10.0,-15.0,-7.0,0.0,-6.0,-20.0,-6.0,-8.0,0.0,0.0,0.0,-5.0,0.0,0.0,0.0,0.0,-20.0,-8.0,-20.0,0.0,12.453484444473867,0.0,0.0,0.0,0.0
SA32467,-7.0,-13.0,0.0,-1.0,-2.0,0.0,0.0,-2.0,-1.0,0.0,-2.0,-3.0,0.0,0.0,0.0,0.0,0.0,-2.0,0.0,0.0,0.0,0.0,0.0,0.0,0.0,0.0,-20.0,-8.0,-4.0,-9.0,-6.0,-10.0,-15.0,-7.0,0.0,-6.0,-20.0,-6.0,-7.0,0.0,0.0,0.0,-5.0,-6.0,0.0,-11.0,0.0,-14.0,-8.0,-15.0,0.0,11.763077333952873,0.0,-28.0,0.0,0.0
SA32492,-10.0,-13.0,0.0,0.0,0.0,0.0,0.0,0.0,0.0,0.0,0.0,-1.0,0.0,0.0,0.0,0.0,0.0,0.0,0.0,0.0,0.0,0.0,0.0,0.0,-10.0,0.0,-20.0,-8.0,-5.0,-9.0,0.0,-10.0,-15.0,-7.0,0.0,-6.0,-20.0,-6.0,-11.0,0.0,-8.0,0.0,-5.0,0.0,0.0,0.0,0.0,-20.0,0.0,-20.0,0.0,12.451189687474841,0.0,0.0,0.0,0.0
SA32509,-8.0,-13.0,0.0,-1.0,-2.0,0.0,0.0,-2.0,-1.0,0.0,-2.0,-3.0,0.0,0.0,0.0,0.0,0.0,-2.0,0.0,0.0,0.0,0.0,0.0,0.0,-1.0,0.0,-20.0,-8.0,-4.0,-9.0,0.0,-10.0,-15.0,-7.0,0.0,-6.0,-20.0,-6.0,-7.0,0.0,0.0,0.0,-5.0,-6.0,0.0,-11.0,-8.0,-14.0,0.0,-20.0,0.0,11.815758450891737,0.0,-28.0,0.0,0.0
SA32513,-19.0,-20.0,0.0,0.0,0.0,-15.0,0.0,0.0,0.0,0.0,0.0,-10.0,-3.0,0.0,0.0,0.0,0.0,0.0,0.0,0.0,0.0,0.0,-10.0,0.0,0.0,0.0,-20.0,0.0,0.0,0.0,-20.0,0.0,-15.0,0.0,0.0,0.0,-20.0,-20.0,0.0,0.0,0.0,0.0,0.0,0.0,0.0,0.0,0.0,-20.0,0.0,0.0,0.0,12.72671368135767,0.0,0.0,0.0,0.0
SA32527,-11.0,-13.0,0.0,0.0,0.0,0.0,0.0,0.0,0.0,0.0,0.0,-3.0,0.0,0.0,0.0,0.0,0.0,0.0,0.0,0.0,0.0,0.0,0.0,0.0,0.0,0.0,-20.0,0.0,0.0,-9.0,-14.0,-10.0,-15.0,0.0,0.0,0.0,-20.0,-6.0,-8.0,0.0,0.0,0.0,-5.0,-16.0,0.0,-11.0,-8.0,-19.0,0.0,-15.0,0.0,12.483139314722202,0.0,0.0,0.0,0.0
SA32542,-12.0,-13.0,0.0,0.0,0.0,0.0,0.0,0.0,0.0,0.0,0.0,-1.0,0.0,0.0,0.0,0.0,0.0,0.0,0.0,0.0,0.0,0.0,0.0,0.0,0.0,0.0,-20.0,0.0,0.0,-9.0,-14.0,-16.0,-15.0,0.0,0.0,0.0,-20.0,0.0,-11.0,0.0,-8.0,0.0,-5.0,-16.0,0.0,-11.0,0.0,-19.0,0.0,-15.0,0.0,12.502983504076392,0.0,0.0,0.0,0.0
SA32551,-17.0,-13.0,0.0,0.0,0.0,-15.0,0.0,0.0,0.0,0.0,0.0,-10.0,0.0,0.0,0.0,0.0,0.0,0.0,0.0,-1.0,0.0,0.0,-10.0,0.0,0.0,0.0,-20.0,0.0,0.0,-14.0,-20.0,0.0,-15.0,0.0,0.0,0.0,-20.0,0.0,-11.0,0.0,0.0,0.0,0.0,0.0,-20.0,0.0,0.0,-20.0,0.0,0.0,0.0,12.586781598918982,0.0,0.0,0.0,0.0
SA32567,-14.0,-13.0,0.0,0.0,0.0,0.0,0.0,0.0,0.0,0.0,0.0,-8.0,0.0,0.0,0.0,0.0,0.0,0.0,0.0,0.0,0.0,0.0,-4.0,0.0,-10.0,0.0,-20.0,-8.0,-11.0,-9.0,0.0,-16.0,-15.0,0.0,0.0,0.0,-20.0,0.0,-11.0,0.0,0.0,0.0,-5.0,0.0,0.0,0.0,0.0,-20.0,0.0,-20.0,0.0,12.528175340519347,0.0,0.0,0.0,0.0
SA32576,-11.0,-13.0,0.0,0.0,0.0,0.0,0.0,0.0,0.0,0.0,0.0,-3.0,0.0,0.0,0.0,0.0,0.0,0.0,0.0,0.0,0.0,0.0,0.0,0.0,-7.0,0.0,-20.0,0.0,0.0,-9.0,-14.0,-10.0,-15.0,-7.0,0.0,0.0,-20.0,-6.0,-8.0,0.0,0.0,0.0,-5.0,-16.0,0.0,0.0,0.0,-15.0,-8.0,-20.0,0.0,12.469147654724072,0.0,0.0,0.0,0.0
SA32579,-17.0,-13.0,0.0,0.0,0.0,-15.0,0.0,0.0,0.0,0.0,0.0,-10.0,0.0,0.0,0.0,0.0,0.0,0.0,0.0,0.0,0.0,0.0,-11.0,0.0,0.0,0.0,-20.0,0.0,0.0,-14.0,-20.0,-19.0,-15.0,0.0,0.0,0.0,-20.0,0.0,-11.0,0.0,0.0,0.0,0.0,0.0,0.0,0.0,0.0,-20.0,0.0,0.0,0.0,12.612078170774865,0.0,0.0,0.0,0.0
SA32595,-13.0,-13.0,0.0,0.0,0.0,0.0,0.0,0.0,0.0,0.0,0.0,-8.0,0.0,0.0,0.0,0.0,0.0,0.0,0.0,0.0,0.0,0.0,-4.0,0.0,-10.0,0.0,-20.0,-8.0,0.0,-9.0,0.0,-10.0,-15.0,0.0,0.0,-6.0,-20.0,-11.0,-11.0,0.0,0.0,0.0,-5.0,0.0,0.0,0.0,0.0,-20.0,0.0,-20.0,0.0,12.46435352937923,0.0,0.0,0.0,0.0
SA32596,-19.0,-20.0,0.0,0.0,0.0,-17.0,0.0,0.0,0.0,0.0,0.0,-20.0,0.0,0.0,0.0,0.0,0.0,0.0,0.0,0.0,0.0,0.0,-15.0,0.0,0.0,0.0,-20.0,0.0,0.0,-14.0,-20.0,0.0,-15.0,0.0,0.0,0.0,-20.0,0.0,0.0,0.0,0.0,0.0,0.0,0.0,0.0,0.0,0.0,-20.0,0.0,0.0,0.0,12.723807081137837,0.0,0.0,0.0,0.0
SA32644,-3.0,-13.0,0.0,0.0,0.0,0.0,0.0,0.0,0.0,0.0,0.0,-1.0,0.0,0.0,0.0,0.0,0.0,0.0,0.0,0.0,0.0,0.0,0.0,0.0,0.0,0.0,-20.0,-8.0,-5.0,-9.0,-6.0,-7.0,-15.0,-7.0,0.0,-6.0,-20.0,-6.0,-6.0,-6.0,-3.0,0.0,-5.0,-6.0,-3.0,-11.0,-8.0,-15.0,0.0,-9.0,-2.0,12.37904707870256,0.0,0.0,0.0,0.0
SA32667,-17.0,-13.0,0.0,0.0,0.0,-15.0,0.0,0.0,0.0,0.0,0.0,-10.0,0.0,0.0,0.0,0.0,0.0,0.0,0.0,-1.0,0.0,0.0,-10.0,0.0,0.0,0.0,-20.0,0.0,0.0,-14.0,-20.0,0.0,-15.0,0.0,0.0,0.0,-20.0,0.0,-11.0,0.0,0.0,0.0,0.0,0.0,-20.0,0.0,0.0,-20.0,0.0,0.0,0.0,12.612562363995742,0.0,0.0,0.0,0.0
SA32668,-7.0,-13.0,0.0,-1.0,-2.0,0.0,0.0,-2.0,-1.0,0.0,-2.0,-3.0,0.0,0.0,0.0,0.0,0.0,-2.0,0.0,0.0,0.0,0.0,0.0,0.0,0.0,0.0,-20.0,-8.0,-4.0,-9.0,-6.0,-10.0,-15.0,-7.0,0.0,-6.0,-20.0,-6.0,-7.0,-6.0,0.0,0.0,-5.0,0.0,0.0,-11.0,0.0,-19.0,-8.0,-9.0,0.0,11.804094495718465,0.0,-28.0,0.0,0.0
SA32670,-8.0,-13.0,0.0,0.0,0.0,0.0,0.0,0.0,0.0,0.0,0.0,-1.0,0.0,0.0,0.0,0.0,0.0,0.0,0.0,0.0,0.0,0.0,0.0,0.0,-1.0,0.0,-20.0,0.0,-5.0,-9.0,-14.0,-10.0,-15.0,-7.0,0.0,-6.0,-20.0,-6.0,-8.0,-6.0,-3.0,0.0,-5.0,0.0,0.0,0.0,0.0,-20.0,-8.0,-20.0,0.0,12.42895381478441,0.0,0.0,0.0,0.0
SA32672,0.0,-13.0,0.0,-1.0,-2.0,0.0,0.0,-2.0,-1.0,-2.0,-2.0,-2.0,0.0,0.0,0.0,0.0,0.0,-2.0,0.0,0.0,0.0,0.0,0.0,0.0,0.0,0.0,-20.0,-7.0,-4.0,-9.0,-6.0,-7.0,-15.0,-7.0,-4.0,-6.0,-17.0,-6.0,-5.0,-6.0,-3.0,-2.0,-5.0,-6.0,-3.0,-11.0,-5.0,-14.0,-3.0,-9.0,-2.0,11.72146236711749,8.881784197001252e-16,-28.0,0.0,0.0
SA32674,-6.0,-13.0,0.0,-1.0,-2.0,0.0,0.0,-2.0,-1.0,0.0,-2.0,-3.0,0.0,0.0,0.0,0.0,0.0,-2.0,0.0,0.0,0.0,0.0,0.0,0.0,0.0,0.0,-20.0,-8.0,-4.0,-9.0,-6.0,-10.0,-15.0,-7.0,0.0,-6.0,-20.0,-6.0,-7.0,-6.0,0.0,0.0,-5.0,-6.0,0.0,-11.0,0.0,-14.0,-8.0,-9.0,0.0,11.792429454180619,0.0,-28.0,0.0,0.0
SA32675,-11.0,-13.0,0.0,0.0,0.0,0.0,0.0,0.0,0.0,0.0,0.0,-1.0,0.0,0.0,0.0,0.0,0.0,0.0,0.0,0.0,0.0,0.0,0.0,0.0,-10.0,0.0,-20.0,-8.0,0.0,-9.0,0.0,-10.0,-15.0,-7.0,0.0,0.0,-20.0,-6.0,-11.0,0.0,-8.0,0.0,-5.0,-16.0,0.0,0.0,0.0,-15.0,0.0,-20.0,0.0,12.466898623535329,0.0,0.0,0.0,0.0
SA32678,-3.0,-13.0,0.0,-1.0,-2.0,0.0,0.0,-2.0,-1.0,0.0,-2.0,-2.0,0.0,0.0,0.0,0.0,0.0,-2.0,0.0,0.0,0.0,0.0,0.0,0.0,0.0,0.0,-20.0,-8.0,-4.0,-9.0,-6.0,-7.0,-15.0,-7.0,0.0,-6.0,-20.0,-6.0,-5.0,-6.0,-3.0,0.0,-5.0,-6.0,-3.0,-11.0,-8.0,-14.0,0.0,-9.0,-2.0,11.770150114462364,0.0,-28.0,0.0,0.0
SA32681,-8.0,-13.0,0.0,0.0,0.0,0.0,0.0,0.0,0.0,0.0,0.0,-1.0,0.0,0.0,0.0,0.0,0.0,0.0,0.0,0.0,0.0,0.0,0.0,0.0,0.0,0.0,-20.0,0.0,-5.0,-9.0,-14.0,-10.0,-15.0,-7.0,0.0,-6.0,-20.0,-6.0,-8.0,0.0,-3.0,0.0,-5.0,0.0,0.0,-11.0,0.0,-20.0,-8.0,-15.0,0.0,12.433007518808223,0.0,0.0,0.0,0.0
SA32698,-12.0,-13.0,0.0,0.0,0.0,0.0,0.0,0.0,0.0,0.0,0.0,-3.0,0.0,0.0,0.0,0.0,0.0,0.0,0.0,0.0,0.0,0.0,0.0,0.0,-7.0,0.0,-20.0,0.0,0.0,-9.0,-14.0,-10.0,-15.0,0.0,0.0,0.0,-20.0,-6.0,-8.0,0.0,0.0,0.0,-5.0,-16.0,0.0,0.0,0.0,-19.0,-8.0,-20.0,0.0,12.490795728670289,0.0,0.0,0.0,0.0
SA32712,-7.0,-13.0,0.0,0.0,0.0,0.0,0.0,0.0,0.0,0.0,0.0,-1.0,0.0,0.0,0.0,0.0,0.0,0.0,0.0,0.0,0.0,0.0,0.0,0.0,0.0,0.0,-20.0,-8.0,-5.0,-9.0,-6.0,-10.0,-15.0,-7.0,0.0,-6.0,-20.0,-6.0,-8.0,0.0,-3.0,0.0,-5.0,0.0,0.0,-11.0,0.0,-20.0,-8.0,-15.0,0.0,12.379497264888249,0.0,0.0,0.0,0.0
SA32735,-3.0,-13.0,0.0,-1.0,-2.0,0.0,0.0,-2.0,-1.0,0.0,-2.0,-2.0,0.0,0.0,0.0,0.0,0.0,-2.0,0.0,0.0,0.0,0.0,0.0,0.0,0.0,0.0,-20.0,-8.0,-4.0,-9.0,-6.0,-7.0,-15.0,-7.0,0.0,-6.0,-20.0,-6.0,-5.0,-6.0,-3.0,0.0,-5.0,-6.0,-3.0,-11.0,0.0,-14.0,-8.0,-9.0,-2.0,11.769505187360496,0.0,-28.0,0.0,0.0
SA32738,-3.0,-13.0,0.0,0.0,0.0,0.0,0.0,0.0,0.0,0.0,0.0,-1.0,0.0,0.0,0.0,0.0,0.0,0.0,0.0,0.0,0.0,0.0,0.0,0.0,0.0,0.0,-20.0,-8.0,-5.0,-9.0,-6.0,-7.0,-15.0,-7.0,0.0,-6.0,-20.0,-6.0,-6.0,-6.0,-3.0,0.0,-5.0,-6.0,-3.0,-11.0,0.0,-15.0,-8.0,-9.0,-2.0,12.37840215160069,0.0,0.0,0.0,0.0
SA32739,-13.0,-13.0,0.0,0.0,0.0,0.0,0.0,0.0,0.0,0.0,0.0,-8.0,0.0,0.0,0.0,0.0,0.0,0.0,0.0,0.0,0.0,0.0,0.0,0.0,-10.0,0.0,-20.0,-8.0,-11.0,-9.0,0.0,-16.0,-15.0,-7.0,0.0,0.0,-20.0,0.0,-11.0,0.0,0.0,0.0,-5.0,0.0,0.0,0.0,0.0,-20.0,0.0,-20.0,0.0,12.506527266573135,0.0,0.0,0.0,0.0
SA32740,-20.0,-20.0,0.0,0.0,0.0,0.0,0.0,0.0,0.0,0.0,0.0,0.0,0.0,0.0,0.0,0.0,0.0,0.0,0.0,0.0,0.0,0.0,-15.0,0.0,-20.0,0.0,-20.0,0.0,0.0,0.0,0.0,0.0,-15.0,0.0,0.0,0.0,0.0,0.0,-19.0,0.0,0.0,0.0,0.0,0.0,0.0,0.0,0.0,-20.0,0.0,-20.0,0.0,12.865836771577246,0.0,0.0,0.0,0.0
SA32757,-6.0,-13.0,0.0,0.0,0.0,0.0,0.0,0.0,0.0,0.0,0.0,-1.0,0.0,0.0,0.0,0.0,0.0,0.0,0.0,0.0,0.0,0.0,0.0,0.0,0.0,0.0,-20.0,-8.0,-5.0,-9.0,-6.0,-10.0,-15.0,-7.0,0.0,-6.0,-20.0,-6.0,-11.0,-6.0,-8.0,0.0,-5.0,-6.0,0.0,-11.0,0.0,-15.0,0.0,-9.0,0.0,12.403426227726975,0.0,0.0,0.0,0.0
SA32762,-7.0,-13.0,0.0,-1.0,-2.0,0.0,0.0,-2.0,-1.0,0.0,-2.0,-3.0,0.0,0.0,0.0,0.0,0.0,-2.0,0.0,0.0,0.0,0.0,0.0,0.0,0.0,0.0,-20.0,-8.0,-4.0,-9.0,-6.0,-10.0,-15.0,-7.0,0.0,-6.0,-20.0,-6.0,-7.0,-6.0,0.0,0.0,-5.0,0.0,0.0,-11.0,-8.0,-19.0,0.0,-9.0,0.0,11.764526454254552,0.0,-28.0,0.0,0.0
SA32783,-11.0,-13.0,0.0,0.0,0.0,0.0,0.0,0.0,0.0,0.0,0.0,-3.0,0.0,0.0,0.0,0.0,0.0,0.0,0.0,0.0,0.0,0.0,0.0,0.0,0.0,0.0,-20.0,0.0,0.0,-9.0,-14.0,-10.0,-15.0,0.0,0.0,0.0,-20.0,-6.0,-8.0,0.0,0.0,0.0,-5.0,-16.0,0.0,-11.0,0.0,-19.0,-8.0,-15.0,0.0,12.48249438762033,0.0,0.0,0.0,0.0
SA32786,-6.0,-13.0,0.0,0.0,0.0,0.0,0.0,0.0,0.0,0.0,0.0,-1.0,0.0,0.0,0.0,0.0,0.0,0.0,0.0,0.0,0.0,0.0,0.0,0.0,0.0,0.0,-20.0,-8.0,-5.0,-9.0,-6.0,-10.0,-15.0,-7.0,0.0,-6.0,-20.0,-6.0,-8.0,0.0,-3.0,0.0,-5.0,-6.0,0.0,-11.0,-8.0,-15.0,0.0,-15.0,0.0,12.406589570570642,0.0,0.0,0.0,0.0
SA32787,-4.0,-13.0,0.0,-1.0,-2.0,0.0,0.0,-2.0,-1.0,0.0,-2.0,-2.0,0.0,0.0,0.0,0.0,0.0,-2.0,0.0,0.0,0.0,0.0,0.0,0.0,0.0,0.0,-20.0,-8.0,-4.0,-9.0,-6.0,-10.0,-15.0,-7.0,0.0,-6.0,-20.0,-6.0,-5.0,-6.0,-3.0,0.0,-5.0,-6.0,0.0,-11.0,-8.0,-14.0,0.0,-9.0,-2.0,11.773095334905033,0.0,-28.0,0.0,0.0
SA32795,-15.0,-13.0,0.0,0.0,0.0,-15.0,0.0,0.0,0.0,0.0,0.0,-10.0,0.0,0.0,0.0,0.0,0.0,0.0,0.0,0.0,0.0,0.0,0.0,0.0,0.0,0.0,-20.0,0.0,0.0,-9.0,-20.0,-16.0,-15.0,0.0,0.0,0.0,-20.0,0.0,-11.0,0.0,0.0,0.0,-5.0,-16.0,0.0,0.0,0.0,-19.0,0.0,0.0,0.0,12.525193825421958,0.0,0.0,0.0,0.0
SA32817,-16.0,-13.0,0.0,0.0,0.0,-15.0,0.0,0.0,0.0,0.0,0.0,-10.0,0.0,0.0,0.0,0.0,0.0,0.0,0.0,-1.0,0.0,0.0,-10.0,0.0,0.0,0.0,-20.0,0.0,0.0,-9.0,-20.0,0.0,-15.0,0.0,0.0,0.0,-20.0,0.0,-11.0,0.0,0.0,0.0,-5.0,0.0,-20.0,0.0,0.0,-20.0,0.0,0.0,0.0,12.577528240621685,0.0,0.0,0.0,0.0
SA32836,-1.0,-13.0,0.0,0.0,0.0,0.0,0.0,0.0,0.0,0.0,0.0,0.0,0.0,0.0,0.0,0.0,0.0,0.0,0.0,0.0,0.0,0.0,0.0,0.0,0.0,0.0,-20.0,-8.0,-5.0,-9.0,-6.0,-7.0,-15.0,-7.0,-4.0,-6.0,-17.0,-6.0,-6.0,-6.0,-3.0,0.0,-5.0,-6.0,-3.0,-11.0,-5.0,-15.0,-3.0,-9.0,-2.0,12.372135310014913,0.0,0.0,0.0,0.0
SA32838,-5.0,-13.0,0.0,-1.0,-2.0,0.0,0.0,-2.0,-1.0,0.0,-2.0,-3.0,0.0,0.0,0.0,0.0,0.0,-2.0,0.0,0.0,0.0,0.0,0.0,0.0,0.0,0.0,-20.0,-8.0,-4.0,-9.0,-6.0,-10.0,-15.0,-7.0,0.0,-6.0,-20.0,-6.0,-5.0,-6.0,0.0,0.0,-5.0,-6.0,0.0,-11.0,0.0,-14.0,-8.0,-9.0,-2.0,11.74288611056706,0.0,-28.0,0.0,0.0
SA32862,-10.0,-13.0,0.0,0.0,0.0,0.0,0.0,0.0,0.0,0.0,0.0,-3.0,0.0,0.0,0.0,0.0,0.0,0.0,0.0,0.0,0.0,0.0,0.0,0.0,-1.0,0.0,-20.0,0.0,0.0,-9.0,-14.0,-10.0,-15.0,-7.0,0.0,0.0,-20.0,-6.0,-8.0,-6.0,0.0,0.0,-5.0,-16.0,0.0,0.0,0.0,-15.0,-8.0,-20.0,0.0,12.456792609650302,0.0,0.0,0.0,0.0
SA32876,-7.0,-13.0,0.0,0.0,0.0,0.0,0.0,0.0,0.0,0.0,0.0,-1.0,0.0,0.0,0.0,0.0,0.0,0.0,0.0,0.0,0.0,0.0,0.0,0.0,0.0,0.0,-20.0,-8.0,-5.0,-9.0,-6.0,-10.0,-15.0,-7.0,0.0,-6.0,-20.0,-6.0,-11.0,0.0,-8.0,0.0,-5.0,-6.0,0.0,-11.0,0.0,-15.0,0.0,-15.0,0.0,12.415781272800748,0.0,0.0,0.0,0.0
SA32877,-3.0,-13.0,0.0,0.0,0.0,0.0,0.0,0.0,0.0,0.0,0.0,-1.0,0.0,0.0,0.0,0.0,0.0,0.0,0.0,0.0,0.0,0.0,0.0,0.0,0.0,0.0,-20.0,-8.0,-5.0,-9.0,-6.0,-7.0,-15.0,-7.0,0.0,-6.0,-20.0,-6.0,-6.0,-6.0,-3.0,0.0,-5.0,-6.0,-3.0,-11.0,-8.0,-15.0,0.0,-9.0,-2.0,12.338834110136785,0.0,0.0,0.0,0.0
SA32883,-11.0,-13.0,0.0,0.0,0.0,0.0,0.0,0.0,0.0,0.0,0.0,-3.0,0.0,0.0,0.0,0.0,0.0,0.0,0.0,0.0,0.0,0.0,0.0,0.0,-1.0,0.0,-20.0,0.0,0.0,-9.0,-14.0,-10.0,-15.0,0.0,0.0,0.0,-20.0,-6.0,-8.0,-6.0,0.0,0.0,-5.0,-16.0,0.0,0.0,0.0,-19.0,-8.0,-20.0,0.0,12.478440683596517,0.0,0.0,0.0,0.0
SA32884,-9.0,-13.0,0.0,0.0,0.0,0.0,0.0,0.0,0.0,0.0,0.0,-3.0,0.0,0.0,0.0,0.0,0.0,0.0,0.0,0.0,0.0,0.0,0.0,0.0,-10.0,0.0,-20.0,-8.0,-5.0,-9.0,0.0,-10.0,-15.0,-7.0,0.0,-6.0,-20.0,-6.0,-8.0,0.0,0.0,0.0,-5.0,-6.0,0.0,0.0,-8.0,-15.0,0.0,-20.0,0.0,12.399979217462059,0.0,0.0,0.0,0.0
SA32885,-3.0,-13.0,0.0,-1.0,-2.0,0.0,0.0,-2.0,-1.0,-2.0,-2.0,-2.0,0.0,0.0,0.0,0.0,0.0,-2.0,0.0,0.0,0.0,0.0,0.0,0.0,0.0,0.0,-20.0,-8.0,-4.0,-9.0,-6.0,-10.0,-15.0,-7.0,-4.0,-6.0,-17.0,-6.0,-5.0,-6.0,-3.0,0.0,-5.0,-6.0,0.0,-11.0,-8.0,-14.0,0.0,-9.0,-2.0,11.728074591205967,8.881784197001252e-16,-28.0,0.0,0.0
SA32887,-6.0,-13.0,0.0,0.0,0.0,0.0,0.0,0.0,0.0,0.0,0.0,-1.0,0.0,0.0,0.0,0.0,0.0,0.0,0.0,0.0,0.0,0.0,0.0,0.0,0.0,0.0,-20.0,-8.0,-5.0,-9.0,-6.0,-10.0,-15.0,-7.0,0.0,-6.0,-20.0,-6.0,-8.0,-6.0,-3.0,0.0,-5.0,0.0,0.0,-11.0,-8.0,-20.0,0.0,-9.0,0.0,12.367699591547717,0.0,0.0,0.0,0.0
SA32888,-7.0,-13.0,0.0,0.0,0.0,0.0,0.0,0.0,0.0,0.0,0.0,-1.0,0.0,0.0,0.0,0.0,0.0,0.0,0.0,0.0,0.0,0.0,0.0,0.0,0.0,0.0,-20.0,-8.0,-5.0,-9.0,-6.0,-10.0,-15.0,-7.0,0.0,-6.0,-20.0,-6.0,-8.0,0.0,-3.0,0.0,-5.0,0.0,0.0,-11.0,-8.0,-20.0,0.0,-15.0,0.0,12.420267605187266,0.0,0.0,0.0,0.0
SA32889,-2.0,-13.0,0.0,0.0,0.0,0.0,0.0,0.0,0.0,0.0,0.0,0.0,0.0,0.0,0.0,0.0,0.0,0.0,0.0,0.0,0.0,0.0,0.0,0.0,0.0,0.0,-20.0,-8.0,-5.0,-9.0,-6.0,-7.0,-15.0,-7.0,-4.0,-6.0,-17.0,-6.0,-6.0,-6.0,-3.0,0.0,-5.0,-6.0,-3.0,-11.0,-8.0,-15.0,0.0,-9.0,-2.0,12.375052490641922,0.0,0.0,0.0,0.0
SA32894,-11.0,-13.0,0.0,0.0,0.0,0.0,0.0,0.0,0.0,0.0,0.0,-3.0,0.0,0.0,0.0,0.0,0.0,0.0,0.0,0.0,0.0,0.0,0.0,0.0,-10.0,0.0,-20.0,-8.0,-11.0,-9.0,0.0,-10.0,-15.0,-7.0,0.0,0.0,-20.0,-6.0,-8.0,0.0,0.0,0.0,-5.0,0.0,0.0,0.0,-8.0,-20.0,0.0,-20.0,0.0,12.473272719703983,0.0,0.0,0.0,0.0
SA32902,-13.0,-13.0,0.0,0.0,0.0,0.0,0.0,0.0,0.0,0.0,0.0,-8.0,0.0,0.0,0.0,0.0,0.0,0.0,0.0,0.0,0.0,0.0,0.0,0.0,-10.0,0.0,-20.0,-8.0,-5.0,-9.0,0.0,-16.0,-15.0,0.0,0.0,0.0,-20.0,0.0,-11.0,0.0,0.0,0.0,-5.0,-12.0,0.0,0.0,0.0,-19.0,0.0,-20.0,0.0,12.467378506222703,0.0,0.0,0.0,0.0
SA32917,-7.0,-13.0,0.0,0.0,0.0,0.0,0.0,0.0,0.0,0.0,0.0,-1.0,0.0,0.0,0.0,0.0,0.0,0.0,0.0,0.0,0.0,0.0,0.0,0.0,0.0,0.0,-20.0,-8.0,-5.0,-9.0,-6.0,-10.0,-15.0,-7.0,0.0,-6.0,-20.0,-6.0,-11.0,-6.0,-8.0,0.0,-5.0,0.0,0.0,-11.0,0.0,-20.0,0.0,-9.0,0.0,12.417104262343601,0.0,0.0,0.0,0.0
SA32951,-15.0,-13.0,0.0,0.0,0.0,-15.0,0.0,0.0,0.0,0.0,0.0,-10.0,0.0,0.0,0.0,0.0,0.0,0.0,0.0,0.0,0.0,0.0,0.0,0.0,0.0,0.0,-20.0,0.0,0.0,-9.0,-20.0,-16.0,-15.0,0.0,0.0,0.0,-20.0,0.0,-11.0,0.0,0.0,0.0,-5.0,-16.0,0.0,0.0,0.0,-19.0,0.0,0.0,0.0,12.54649058325768,0.0,0.0,0.0,0.0
SA32952,-18.0,-20.0,0.0,0.0,0.0,-15.0,0.0,0.0,0.0,0.0,0.0,-10.0,0.0,0.0,0.0,0.0,0.0,0.0,0.0,0.0,0.0,0.0,0.0,0.0,0.0,0.0,-20.0,0.0,0.0,0.0,-20.0,0.0,-15.0,0.0,0.0,0.0,-20.0,-18.0,0.0,0.0,0.0,0.0,0.0,-16.0,0.0,0.0,0.0,-19.0,0.0,0.0,0.0,12.701342360499325,0.0,0.0,0.0,0.0
SA32968,-12.0,-13.0,0.0,0.0,0.0,0.0,0.0,0.0,0.0,0.0,0.0,-8.0,0.0,0.0,0.0,0.0,0.0,0.0,0.0,0.0,0.0,0.0,0.0,0.0,-10.0,0.0,-20.0,-8.0,-5.0,-9.0,0.0,-16.0,-15.0,-7.0,0.0,-6.0,-20.0,0.0,-11.0,0.0,0.0,0.0,-5.0,0.0,0.0,0.0,0.0,-20.0,0.0,-20.0,0.0,12.487383918444886,0.0,0.0,0.0,0.0
SA32970,-20.0,-20.0,0.0,0.0,0.0,-17.0,0.0,0.0,0.0,0.0,0.0,-20.0,0.0,0.0,0.0,0.0,0.0,0.0,0.0,0.0,0.0,0.0,-15.0,0.0,0.0,0.0,-20.0,0.0,0.0,0.0,-20.0,0.0,-15.0,0.0,0.0,0.0,-20.0,0.0,0.0,0.0,0.0,0.0,0.0,0.0,0.0,0.0,0.0,-20.0,0.0,0.0,0.0,12.765209721296708,0.0,-1.0,0.0,0.0
SA32971,-11.0,-13.0,0.0,0.0,0.0,0.0,0.0,0.0,0.0,0.0,0.0,-1.0,0.0,0.0,0.0,0.0,0.0,0.0,0.0,0.0,0.0,0.0,0.0,0.0,-7.0,0.0,-20.0,0.0,0.0,-9.0,-14.0,-10.0,-15.0,-7.0,0.0,0.0,-20.0,-6.0,-11.0,0.0,-8.0,0.0,-5.0,-16.0,0.0,0.0,0.0,-15.0,0.0,-20.0,0.0,12.466852897725051,0.0,0.0,0.0,0.0
SA32984,-21.0,-20.0,0.0,0.0,0.0,0.0,0.0,0.0,0.0,0.0,0.0,-8.0,0.0,0.0,0.0,0.0,0.0,0.0,0.0,0.0,-20.0,0.0,-20.0,0.0,0.0,0.0,-20.0,0.0,0.0,0.0,0.0,0.0,0.0,0.0,0.0,0.0,-20.0,0.0,0.0,0.0,0.0,0.0,0.0,0.0,0.0,-20.0,0.0,-20.0,0.0,0.0,0.0,12.916070283554376,0.0,-1.0,0.0,0.0
SA32986,-12.0,-13.0,0.0,0.0,0.0,0.0,0.0,0.0,0.0,0.0,0.0,-3.0,0.0,0.0,0.0,0.0,0.0,0.0,0.0,0.0,0.0,0.0,0.0,0.0,-7.0,0.0,-20.0,0.0,0.0,-9.0,-14.0,-10.0,-15.0,0.0,0.0,0.0,-20.0,-6.0,-8.0,0.0,0.0,0.0,-5.0,-16.0,0.0,0.0,-8.0,-19.0,0.0,-20.0,0.0,12.49144065577216,0.0,0.0,0.0,0.0
SA32988,-16.0,-13.0,0.0,0.0,0.0,-15.0,0.0,0.0,0.0,0.0,0.0,-10.0,0.0,0.0,0.0,0.0,0.0,0.0,0.0,-1.0,0.0,0.0,-10.0,0.0,0.0,0.0,-20.0,0.0,0.0,-9.0,-20.0,0.0,-15.0,0.0,0.0,0.0,-20.0,0.0,-11.0,0.0,0.0,0.0,-5.0,0.0,-20.0,0.0,0.0,-20.0,0.0,0.0,0.0,12.53652220084222,0.0,0.0,0.0,0.0
SA32990,-18.0,-20.0,0.0,0.0,0.0,-15.0,0.0,0.0,0.0,0.0,0.0,-10.0,0.0,0.0,0.0,0.0,0.0,0.0,0.0,-1.0,0.0,0.0,-10.0,0.0,0.0,0.0,-20.0,0.0,0.0,-14.0,-20.0,0.0,-15.0,0.0,0.0,0.0,-20.0,0.0,0.0,0.0,0.0,0.0,0.0,0.0,-20.0,0.0,0.0,-20.0,0.0,0.0,0.0,12.633964567226187,0.0,0.0,0.0,0.0
SA33004,-13.0,-13.0,0.0,0.0,0.0,0.0,0.0,0.0,0.0,0.0,0.0,-8.0,0.0,0.0,0.0,0.0,0.0,0.0,0.0,0.0,0.0,0.0,-4.0,0.0,-10.0,0.0,-20.0,-8.0,-5.0,-9.0,0.0,-16.0,-15.0,0.0,0.0,-6.0,-20.0,0.0,-11.0,0.0,0.0,0.0,-5.0,0.0,0.0,0.0,0.0,-20.0,0.0,-20.0,0.0,12.468128130311024,0.0,0.0,0.0,0.0
SA33008,-5.0,-13.0,0.0,-1.0,-2.0,0.0,0.0,-2.0,-1.0,0.0,-2.0,-2.0,0.0,0.0,0.0,0.0,0.0,-2.0,0.0,0.0,0.0,0.0,0.0,0.0,0.0,0.0,-20.0,-8.0,-4.0,-9.0,-6.0,-10.0,-15.0,-7.0,0.0,-6.0,-20.0,-6.0,-7.0,-6.0,-3.0,0.0,-5.0,-6.0,0.0,-11.0,-8.0,-14.0,0.0,-9.0,0.0,11.742300296755666,0.0,-28.0,0.0,0.0
SA33027,-10.0,-13.0,0.0,0.0,0.0,0.0,0.0,0.0,0.0,0.0,0.0,-3.0,0.0,0.0,0.0,0.0,0.0,0.0,0.0,0.0,0.0,0.0,0.0,0.0,-10.0,0.0,-20.0,-8.0,-5.0,-9.0,0.0,-10.0,-15.0,-7.0,0.0,-6.0,-20.0,-6.0,-8.0,0.0,0.0,0.0,-5.0,0.0,0.0,0.0,-8.0,-20.0,0.0,-20.0,0.0,12.413657252078684,0.0,0.0,0.0,0.0
SA33033,-4.0,-13.0,0.0,0.0,0.0,0.0,0.0,0.0,0.0,0.0,0.0,-1.0,0.0,0.0,0.0,0.0,0.0,0.0,0.0,0.0,0.0,0.0,0.0,0.0,0.0,0.0,-20.0,-8.0,-5.0,-9.0,-6.0,-10.0,-15.0,-7.0,0.0,-6.0,-20.0,-6.0,-6.0,-6.0,-3.0,0.0,-5.0,-6.0,0.0,-11.0,-8.0,-15.0,0.0,-9.0,-2.0,12.383028799730482,0.0,0.0,0.0,0.0
SA33041,-12.0,-13.0,0.0,0.0,0.0,0.0,0.0,0.0,0.0,0.0,0.0,-1.0,0.0,0.0,0.0,0.0,0.0,0.0,0.0,0.0,0.0,0.0,0.0,0.0,-7.0,0.0,-20.0,0.0,0.0,-9.0,-14.0,-10.0,-15.0,0.0,0.0,0.0,-20.0,-6.0,-11.0,0.0,-8.0,0.0,-5.0,-16.0,0.0,0.0,0.0,-19.0,0.0,-20.0,0.0,12.488500971671264,0.0,0.0,0.0,0.0
SA33042,-6.0,-13.0,0.0,0.0,0.0,0.0,0.0,0.0,0.0,0.0,0.0,-3.0,0.0,0.0,0.0,0.0,0.0,0.0,0.0,0.0,0.0,0.0,0.0,0.0,0.0,0.0,-20.0,-8.0,-5.0,-9.0,-6.0,-10.0,-15.0,-7.0,0.0,-6.0,-20.0,-6.0,-8.0,-6.0,0.0,0.0,-5.0,-6.0,0.0,-11.0,-8.0,-15.0,0.0,-9.0,0.0,12.366152943262088,0.0,0.0,0.0,0.0
SA33044,-13.0,-13.0,0.0,0.0,0.0,0.0,0.0,0.0,0.0,0.0,0.0,-8.0,0.0,0.0,0.0,0.0,0.0,0.0,0.0,0.0,0.0,0.0,0.0,0.0,-7.0,0.0,-20.0,0.0,0.0,-9.0,-14.0,-16.0,-15.0,-7.0,0.0,0.0,-20.0,0.0,-11.0,0.0,0.0,0.0,-5.0,-16.0,0.0,0.0,0.0,-15.0,0.0,-20.0,0.0,12.503047128695092,0.0,0.0,0.0,0.0
SA33050,-7.0,-13.0,0.0,0.0,0.0,0.0,0.0,0.0,0.0,0.0,0.0,-3.0,0.0,0.0,0.0,0.0,0.0,0.0,0.0,0.0,0.0,0.0,0.0,0.0,0.0,0.0,-20.0,-8.0,-5.0,-9.0,-6.0,-10.0,-15.0,-7.0,0.0,-6.0,-20.0,-6.0,-8.0,0.0,0.0,0.0,-5.0,-6.0,0.0,-11.0,-8.0,-15.0,0.0,-15.0,0.0,12.37850798833586,0.0,0.0,0.0,0.0
SA33052,-21.0,-20.0,0.0,0.0,0.0,-17.0,0.0,0.0,0.0,0.0,0.0,-20.0,0.0,0.0,0.0,0.0,0.0,0.0,0.0,0.0,0.0,0.0,-20.0,0.0,0.0,0.0,-20.0,0.0,0.0,0.0,-20.0,0.0,0.0,0.0,0.0,0.0,-20.0,0.0,0.0,0.0,0.0,0.0,0.0,0.0,0.0,0.0,0.0,-20.0,0.0,0.0,0.0,12.88010482831161,0.0,-1.0,0.0,0.0
SA33064,-7.0,-13.0,0.0,-1.0,-2.0,0.0,0.0,-2.0,-1.0,0.0,-2.0,-3.0,0.0,0.0,0.0,0.0,0.0,-2.0,0.0,0.0,0.0,0.0,0.0,0.0,0.0,0.0,-20.0,-8.0,-4.0,-9.0,-6.0,-10.0,-15.0,-7.0,0.0,-6.0,-20.0,-6.0,-7.0,0.0,0.0,0.0,-5.0,-6.0,0.0,-11.0,-8.0,-14.0,0.0,-15.0,0.0,11.763634705686114,0.0,-28.0,0.0,0.0
SA33066,-7.0,-13.0,0.0,0.0,0.0,0.0,0.0,0.0,0.0,0.0,0.0,-3.0,0.0,0.0,0.0,0.0,0.0,0.0,0.0,0.0,0.0,0.0,0.0,0.0,0.0,0.0,-20.0,-8.0,-5.0,-9.0,-6.0,-10.0,-15.0,-7.0,0.0,-6.0,-20.0,-6.0,-8.0,0.0,0.0,0.0,-5.0,-6.0,0.0,-11.0,0.0,-15.0,-8.0,-15.0,0.0,12.377950616602622,0.0,0.0,0.0,0.0
SA33083,-11.0,-13.0,0.0,0.0,0.0,0.0,0.0,0.0,0.0,0.0,0.0,-3.0,0.0,0.0,0.0,0.0,0.0,0.0,0.0,0.0,0.0,0.0,0.0,0.0,-7.0,0.0,-20.0,0.0,0.0,-9.0,-14.0,-10.0,-15.0,-7.0,0.0,0.0,-20.0,-6.0,-8.0,0.0,0.0,0.0,-5.0,-16.0,0.0,0.0,-8.0,-15.0,0.0,-20.0,0.0,12.469792581825944,0.0,0.0,0.0,0.0
SA33096,-8.0,-13.0,0.0,0.0,0.0,0.0,0.0,0.0,0.0,0.0,0.0,-3.0,0.0,0.0,0.0,0.0,0.0,0.0,0.0,0.0,0.0,0.0,0.0,0.0,0.0,0.0,-20.0,-8.0,-5.0,-9.0,-6.0,-10.0,-15.0,-7.0,0.0,-6.0,-20.0,-6.0,-8.0,0.0,0.0,0.0,-5.0,0.0,0.0,-11.0,-8.0,-20.0,0.0,-15.0,0.0,12.432398991518264,0.0,0.0,0.0,0.0
SA33097,-9.0,-13.0,0.0,0.0,0.0,0.0,0.0,0.0,0.0,0.0,0.0,-1.0,0.0,0.0,0.0,0.0,0.0,0.0,0.0,0.0,0.0,0.0,0.0,0.0,0.0,0.0,-20.0,0.0,-5.0,-9.0,-14.0,-10.0,-15.0,-7.0,0.0,-6.0,-20.0,-6.0,-11.0,0.0,-8.0,0.0,-5.0,0.0,0.0,-11.0,0.0,-20.0,0.0,-15.0,0.0,12.442844148140198,0.0,0.0,0.0,0.0
SA33098,-2.0,-13.0,0.0,0.0,0.0,0.0,0.0,0.0,0.0,0.0,0.0,0.0,0.0,0.0,0.0,0.0,0.0,0.0,0.0,0.0,0.0,0.0,0.0,0.0,0.0,0.0,-20.0,-8.0,-5.0,-9.0,-6.0,-7.0,-15.0,-7.0,-4.0,-6.0,-17.0,-6.0,-6.0,-6.0,-3.0,0.0,-5.0,-6.0,-3.0,-11.0,0.0,-15.0,-8.0,-9.0,-2.0,12.334282150342904,0.0,0.0,0.0,0.0
SA33101,-7.0,-13.0,0.0,0.0,0.0,0.0,0.0,0.0,0.0,0.0,0.0,-3.0,0.0,0.0,0.0,0.0,0.0,0.0,0.0,0.0,0.0,0.0,0.0,0.0,0.0,0.0,-20.0,-8.0,-5.0,-9.0,-6.0,-10.0,-15.0,-7.0,0.0,-6.0,-20.0,-6.0,-8.0,-6.0,0.0,0.0,-5.0,0.0,0.0,-11.0,-8.0,-20.0,0.0,-9.0,0.0,12.379830977878713,0.0,0.0,0.0,0.0
SA33103,-7.0,-13.0,0.0,-1.0,-2.0,0.0,0.0,-2.0,-1.0,0.0,-2.0,-3.0,0.0,0.0,0.0,0.0,0.0,-2.0,0.0,0.0,0.0,0.0,0.0,0.0,0.0,0.0,-20.0,-8.0,-4.0,-9.0,-6.0,-10.0,-15.0,-7.0,0.0,-6.0,-20.0,-6.0,-7.0,0.0,0.0,0.0,-5.0,-6.0,0.0,-11.0,-8.0,-14.0,0.0,-15.0,0.0,11.803847674251891,0.0,-28.0,0.0,0.0
SA33107,-6.0,-13.0,0.0,0.0,0.0,0.0,0.0,0.0,0.0,0.0,0.0,-1.0,0.0,0.0,0.0,0.0,0.0,0.0,0.0,0.0,0.0,0.0,0.0,0.0,0.0,0.0,-20.0,-8.0,-5.0,-9.0,-6.0,-10.0,-15.0,-7.0,0.0,-6.0,-20.0,-6.0,-8.0,-6.0,-3.0,0.0,-5.0,0.0,0.0,-11.0,0.0,-20.0,-8.0,-9.0,0.0,12.367142219814477,0.0,0.0,0.0,0.0
SA33120,-12.0,-13.0,0.0,0.0,0.0,0.0,0.0,0.0,0.0,0.0,0.0,-8.0,0.0,0.0,0.0,0.0,0.0,0.0,0.0,0.0,0.0,0.0,0.0,0.0,-10.0,0.0,-20.0,-8.0,-5.0,-9.0,0.0,-16.0,-15.0,-7.0,0.0,-6.0,-20.0,0.0,-11.0,0.0,0.0,0.0,-5.0,0.0,0.0,0.0,0.0,-20.0,0.0,-20.0,0.0,12.446480056364809,0.0,0.0,0.0,0.0
SA33121,-9.0,-13.0,0.0,-1.0,-2.0,0.0,0.0,-2.0,-1.0,0.0,-2.0,-3.0,0.0,0.0,0.0,0.0,0.0,-2.0,0.0,0.0,0.0,0.0,0.0,0.0,-10.0,0.0,-20.0,-8.0,-4.0,-9.0,0.0,-10.0,-15.0,-7.0,0.0,-6.0,-20.0,-6.0,-7.0,0.0,0.0,0.0,-5.0,-6.0,0.0,0.0,-8.0,-14.0,0.0,-20.0,0.0,11.823692950743652,0.0,-28.0,0.0,0.0
SA33122,-9.0,-13.0,0.0,-1.0,-2.0,0.0,0.0,-2.0,-1.0,0.0,-2.0,-3.0,0.0,0.0,0.0,0.0,0.0,-2.0,0.0,0.0,0.0,0.0,0.0,0.0,0.0,0.0,-20.0,0.0,-4.0,-9.0,-14.0,-10.0,-15.0,-7.0,0.0,-6.0,-20.0,-6.0,-7.0,0.0,0.0,0.0,-5.0,0.0,0.0,-11.0,-8.0,-19.0,0.0,-15.0,0.0,11.786393168833852,0.0,-28.0,0.0,0.0
SA33123,-9.0,-13.0,0.0,0.0,0.0,0.0,0.0,0.0,0.0,0.0,0.0,-3.0,0.0,0.0,0.0,0.0,0.0,0.0,0.0,0.0,0.0,0.0,0.0,0.0,-1.0,0.0,-20.0,0.0,-5.0,-9.0,-14.0,-10.0,-15.0,-7.0,0.0,-6.0,-20.0,-6.0,-8.0,-6.0,0.0,0.0,-5.0,0.0,0.0,0.0,-8.0,-20.0,0.0,-20.0,0.0,12.44173012821728,0.0,0.0,0.0,0.0
SA33124,-6.0,-13.0,0.0,0.0,0.0,0.0,0.0,0.0,0.0,0.0,0.0,-1.0,0.0,0.0,0.0,0.0,0.0,0.0,0.0,0.0,0.0,0.0,0.0,0.0,0.0,0.0,-20.0,-8.0,-5.0,-9.0,-6.0,-10.0,-15.0,-7.0,0.0,-6.0,-20.0,-6.0,-8.0,0.0,-3.0,0.0,-5.0,-6.0,0.0,-11.0,0.0,-15.0,-8.0,-15.0,0.0,12.365819230271624,0.0,0.0,0.0,0.0
SA33125,-7.0,-13.0,0.0,0.0,0.0,0.0,0.0,0.0,0.0,0.0,0.0,-3.0,0.0,0.0,0.0,0.0,0.0,0.0,0.0,0.0,0.0,0.0,0.0,0.0,0.0,0.0,-20.0,-8.0,-5.0,-9.0,-6.0,-10.0,-15.0,-7.0,0.0,-6.0,-20.0,-6.0,-8.0,0.0,0.0,0.0,-5.0,-6.0,0.0,-11.0,-8.0,-15.0,0.0,-15.0,0.0,12.41872095690164,0.0,0.0,0.0,0.0
SA33127,-2.0,-13.0,0.0,-1.0,-2.0,0.0,0.0,-2.0,-1.0,-2.0,-2.0,-2.0,0.0,0.0,0.0,0.0,0.0,-2.0,0.0,0.0,0.0,0.0,0.0,0.0,0.0,0.0,-20.0,-8.0,-4.0,-9.0,-6.0,-7.0,-15.0,-7.0,-4.0,-6.0,-17.0,-6.0,-5.0,-6.0,-3.0,0.0,-5.0,-6.0,-3.0,-11.0,-8.0,-14.0,0.0,-9.0,-2.0,11.7251293707633,8.881784197001252e-16,-28.0,0.0,0.0
SA33163,-16.0,-13.0,0.0,0.0,0.0,-15.0,0.0,0.0,0.0,0.0,0.0,-10.0,0.0,0.0,0.0,0.0,0.0,0.0,0.0,0.0,0.0,0.0,-11.0,0.0,0.0,0.0,-20.0,0.0,0.0,-9.0,-20.0,-19.0,-15.0,0.0,0.0,0.0,-20.0,0.0,-11.0,0.0,0.0,0.0,-5.0,0.0,0.0,0.0,0.0,-20.0,0.0,0.0,0.0,12.577044047400808,0.0,0.0,0.0,0.0
SA33168,-8.0,-13.0,0.0,0.0,0.0,0.0,0.0,0.0,0.0,0.0,0.0,-1.0,0.0,0.0,0.0,0.0,0.0,0.0,0.0,0.0,0.0,0.0,0.0,0.0,-1.0,0.0,-20.0,-8.0,-5.0,-9.0,-6.0,-10.0,-15.0,-7.0,0.0,-6.0,-20.0,-6.0,-11.0,-6.0,-8.0,0.0,-5.0,0.0,0.0,0.0,0.0,-20.0,0.0,-20.0,0.0,12.425405603393559,0.0,0.0,0.0,0.0
SA33181,-5.0,-13.0,0.0,0.0,0.0,0.0,0.0,0.0,0.0,0.0,0.0,-1.0,0.0,0.0,0.0,0.0,0.0,0.0,0.0,0.0,0.0,0.0,0.0,0.0,0.0,0.0,-20.0,-8.0,-5.0,-9.0,-6.0,-10.0,-15.0,-7.0,0.0,-6.0,-20.0,-6.0,-8.0,-6.0,-3.0,0.0,-5.0,-6.0,0.0,-11.0,0.0,-15.0,-8.0,-9.0,0.0,12.393589598395002,0.0,0.0,0.0,0.0
SA33182,-5.0,-13.0,0.0,0.0,0.0,0.0,0.0,0.0,0.0,0.0,0.0,-1.0,0.0,0.0,0.0,0.0,0.0,0.0,0.0,0.0,0.0,0.0,0.0,0.0,0.0,0.0,-20.0,-8.0,-5.0,-9.0,-6.0,-10.0,-15.0,-7.0,0.0,-6.0,-20.0,-6.0,-9.0,-6.0,-8.0,0.0,-5.0,-6.0,0.0,-11.0,0.0,-15.0,0.0,-9.0,-2.0,12.392220501960585,0.0,0.0,0.0,0.0
SA33186,-4.0,-13.0,0.0,-1.0,-2.0,0.0,0.0,-2.0,-1.0,0.0,-2.0,-2.0,0.0,0.0,0.0,0.0,0.0,-2.0,0.0,0.0,0.0,0.0,0.0,0.0,0.0,0.0,-20.0,-8.0,-4.0,-9.0,-6.0,-10.0,-15.0,-7.0,0.0,-6.0,-20.0,-6.0,-5.0,-6.0,-3.0,0.0,-5.0,-6.0,0.0,-11.0,0.0,-14.0,-8.0,-9.0,-2.0,11.772450407803165,0.0,-28.0,0.0,0.0
SA33189,-9.0,-13.0,0.0,0.0,0.0,0.0,0.0,0.0,0.0,0.0,0.0,-3.0,0.0,0.0,0.0,0.0,0.0,0.0,0.0,0.0,0.0,0.0,0.0,0.0,-10.0,0.0,-20.0,-8.0,-5.0,-9.0,0.0,-10.0,-15.0,-7.0,0.0,-6.0,-20.0,-6.0,-8.0,0.0,0.0,0.0,-5.0,-6.0,0.0,0.0,-8.0,-15.0,0.0,-20.0,0.0,12.440451336959109,0.0,0.0,0.0,0.0
SA33196,-4.0,-13.0,0.0,0.0,0.0,0.0,0.0,0.0,0.0,0.0,0.0,-1.0,0.0,0.0,0.0,0.0,0.0,0.0,0.0,0.0,0.0,0.0,0.0,0.0,0.0,0.0,-20.0,-8.0,-5.0,-9.0,-6.0,-10.0,-15.0,-7.0,0.0,-6.0,-20.0,-6.0,-6.0,-6.0,-3.0,0.0,-5.0,-6.0,0.0,-11.0,0.0,-15.0,-8.0,-9.0,-2.0,12.342258459431465,0.0,0.0,0.0,0.0
