,0,1,2,3,4,5,6,7,8,9,10,11,12,13,14,15,16,17,18,19,20,21,22,23,24,25,26,27,28,29,30,31,32,33,34,35,36,37,38,39,40,41,42,43,44,45,46,47,48,49,50,51,52,53,54,55
SA21436,-9.0,-13.0,0.0,-1.0,-2.0,0.0,0.0,-2.0,-1.0,0.0,-2.0,-3.0,0.0,0.0,0.0,0.0,0.0,-2.0,0.0,0.0,0.0,0.0,0.0,0.0,-7.0,0.0,-20.0,-8.0,-4.0,-9.0,-6.0,-10.0,-15.0,-7.0,0.0,-6.0,-20.0,-6.0,-7.0,0.0,0.0,0.0,-5.0,0.0,0.0,0.0,-8.0,-19.0,0.0,-20.0,0.0,11.823447215641657,0.0,-28.0,0.0,0.0
SA26859,-10.0,-13.0,0.0,0.0,-2.0,0.0,0.0,-2.0,-1.0,0.0,-2.0,-3.0,0.0,0.0,0.0,0.0,0.0,-2.0,0.0,0.0,0.0,0.0,0.0,0.0,0.0,0.0,-20.0,0.0,0.0,-9.0,-14.0,-10.0,-15.0,-7.0,0.0,-6.0,-20.0,-12.0,-7.0,0.0,0.0,0.0,-5.0,0.0,0.0,-11.0,0.0,-19.0,-8.0,-15.0,0.0,11.855553827023154,-8.881784197001252e-16,-27.0,0.0,0.0
SA27483,-10.0,-13.0,0.0,0.0,-2.0,0.0,0.0,-2.0,-1.0,0.0,-2.0,-3.0,0.0,0.0,0.0,0.0,0.0,-2.0,0.0,0.0,0.0,0.0,0.0,0.0,-1.0,0.0,-20.0,-8.0,0.0,-9.0,0.0,-10.0,-15.0,-7.0,0.0,-6.0,-20.0,-12.0,-7.0,0.0,0.0,0.0,-5.0,0.0,0.0,-11.0,0.0,-19.0,-8.0,-20.0,0.0,11.856372969889795,-8.881784197001252e-16,-27.0,0.0,0.0
SA28360,-15.0,-13.0,0.0,0.0,-2.0,0.0,0.0,-2.0,0.0,0.0,-2.0,-6.0,0.0,0.0,0.0,0.0,0.0,0.0,0.0,-1.0,0.0,0.0,-4.0,0.0,-10.0,0.0,-20.0,-8.0,0.0,-17.0,0.0,0.0,-15.0,0.0,0.0,-6.0,-20.0,0.0,-10.0,0.0,0.0,0.0,0.0,0.0,-20.0,0.0,0.0,-20.0,0.0,-20.0,0.0,11.973470835011337,8.881784197001252e-16,-24.0,0.0,0.0
SA28468,-8.0,-13.0,0.0,-1.0,-2.0,0.0,0.0,-2.0,-1.0,0.0,-2.0,-3.0,0.0,0.0,0.0,0.0,0.0,-2.0,0.0,0.0,0.0,0.0,0.0,0.0,0.0,0.0,-20.0,-8.0,-4.0,-9.0,-6.0,-10.0,-15.0,-7.0,0.0,-6.0,-20.0,-6.0,-7.0,0.0,0.0,0.0,-5.0,0.0,0.0,-11.0,-8.0,-19.0,0.0,-15.0,0.0,11.815512715789737,0.0,-28.0,0.0,0.0
SA28477,-21.0,-20.0,0.0,0.0,0.0,0.0,0.0,0.0,0.0,0.0,0.0,0.0,-3.0,0.0,0.0,0.0,0.0,0.0,0.0,0.0,0.0,0.0,-20.0,0.0,-20.0,0.0,-20.0,0.0,0.0,0.0,0.0,0.0,0.0,0.0,0.0,0.0,0.0,-20.0,0.0,0.0,0.0,0.0,0.0,0.0,0.0,0.0,0.0,-20.0,0.0,-20.0,0.0,12.416125235466584,1.7763568394002505e-15,-15.0,0.0,0.0
SA28536,-14.0,-13.0,0.0,0.0,-2.0,0.0,0.0,-2.0,-1.0,0.0,0.0,-8.0,0.0,0.0,0.0,0.0,0.0,-2.0,0.0,-1.0,0.0,0.0,-6.0,0.0,-7.0,0.0,-20.0,0.0,0.0,-9.0,-14.0,0.0,-15.0,-7.0,0.0,0.0,-20.0,0.0,-10.0,0.0,0.0,0.0,-5.0,0.0,-20.0,0.0,0.0,-20.0,0.0,-20.0,0.0,11.936801645378363,-8.881784197001252e-16,-26.0,0.0,0.0
SA29423,-3.0,-13.0,0.0,-1.0,-2.0,0.0,0.0,-2.0,-1.0,0.0,-2.0,-2.0,0.0,0.0,0.0,0.0,0.0,-2.0,0.0,0.0,0.0,0.0,0.0,0.0,0.0,0.0,-20.0,-8.0,-4.0,-9.0,-6.0,-7.0,-15.0,-7.0,0.0,-6.0,-20.0,-6.0,-5.0,-6.0,-3.0,0.0,-5.0,-6.0,-3.0,-11.0,-8.0,-14.0,0.0,-9.0,-2.0,11.770150114462364,0.0,-28.0,0.0,0.0
SA29533,-11.0,-13.0,0.0,-1.0,-2.0,0.0,0.0,-2.0,-1.0,0.0,-2.0,-8.0,0.0,0.0,0.0,0.0,0.0,-2.0,0.0,0.0,0.0,0.0,0.0,0.0,-10.0,0.0,-20.0,-8.0,-4.0,-9.0,0.0,-10.0,-15.0,-7.0,0.0,-6.0,-20.0,-6.0,-10.0,0.0,0.0,0.0,-5.0,0.0,0.0,0.0,0.0,-19.0,0.0,-20.0,0.0,11.845828665695564,0.0,-28.0,0.0,0.0
SA29698,-11.0,-13.0,0.0,-1.0,-2.0,0.0,0.0,-2.0,-1.0,0.0,-2.0,-3.0,0.0,0.0,0.0,0.0,0.0,-2.0,0.0,0.0,0.0,0.0,0.0,0.0,-7.0,0.0,-20.0,0.0,-4.0,-9.0,-14.0,-16.0,-15.0,-7.0,0.0,-6.0,-20.0,0.0,-7.0,0.0,0.0,0.0,-5.0,0.0,0.0,0.0,-8.0,-19.0,0.0,-20.0,0.0,11.854664024467349,0.0,-28.0,0.0,0.0
SA29888,-13.0,-13.0,0.0,0.0,-2.0,0.0,0.0,-2.0,0.0,0.0,-2.0,-8.0,0.0,0.0,0.0,0.0,0.0,-2.0,0.0,0.0,0.0,0.0,-4.0,0.0,-10.0,0.0,-20.0,-8.0,0.0,-9.0,0.0,-10.0,-15.0,0.0,0.0,-6.0,-20.0,-12.0,-10.0,0.0,0.0,0.0,-5.0,0.0,0.0,0.0,0.0,-20.0,0.0,-20.0,0.0,11.895614284481825,-8.881784197001252e-16,-27.0,0.0,0.0
SA29911,-17.0,-20.0,0.0,0.0,0.0,-14.0,0.0,-2.0,0.0,0.0,-2.0,-8.0,0.0,0.0,0.0,0.0,0.0,0.0,0.0,-1.0,0.0,0.0,-4.0,0.0,0.0,0.0,-20.0,0.0,0.0,0.0,-20.0,0.0,-15.0,0.0,0.0,-6.0,-20.0,0.0,-17.0,0.0,0.0,0.0,0.0,0.0,-20.0,0.0,0.0,-20.0,0.0,0.0,0.0,12.057339228036145,8.881784197001252e-16,-22.0,0.0,0.0
SA30223,-14.0,-13.0,0.0,0.0,-2.0,0.0,0.0,-2.0,0.0,0.0,0.0,-8.0,0.0,0.0,0.0,0.0,0.0,-2.0,0.0,0.0,0.0,0.0,-11.0,0.0,-7.0,0.0,-20.0,0.0,0.0,-9.0,-14.0,-10.0,-15.0,0.0,0.0,0.0,-20.0,-12.0,-10.0,0.0,0.0,0.0,-5.0,0.0,0.0,0.0,0.0,-20.0,0.0,-20.0,0.0,11.932462737454019,0.0,-26.0,0.0,0.0
SA30225,-9.0,-13.0,0.0,0.0,-2.0,0.0,0.0,-2.0,-1.0,0.0,-2.0,-3.0,0.0,0.0,0.0,0.0,0.0,-2.0,0.0,0.0,0.0,0.0,0.0,0.0,-1.0,0.0,-20.0,-8.0,0.0,-9.0,0.0,-10.0,-15.0,-7.0,0.0,-6.0,-20.0,-6.0,-7.0,0.0,0.0,0.0,-5.0,-11.0,0.0,-11.0,-8.0,-14.0,0.0,-20.0,0.0,11.842606308410186,-8.881784197001252e-16,-27.0,0.0,0.0
SA30397,-9.0,-13.0,0.0,-1.0,-2.0,0.0,0.0,-2.0,-1.0,0.0,-2.0,-3.0,0.0,0.0,0.0,0.0,0.0,-2.0,0.0,0.0,0.0,0.0,0.0,0.0,-10.0,0.0,-20.0,-8.0,-4.0,-9.0,0.0,-10.0,-15.0,-7.0,0.0,-6.0,-20.0,-6.0,-7.0,0.0,0.0,0.0,-5.0,-6.0,0.0,0.0,-8.0,-14.0,0.0,-20.0,0.0,11.823692950743652,0.0,-28.0,0.0,0.0
SA30611,-14.0,-13.0,0.0,0.0,-2.0,0.0,0.0,-2.0,0.0,0.0,0.0,-8.0,0.0,0.0,0.0,0.0,0.0,-2.0,-2.0,0.0,0.0,0.0,-1.0,0.0,-7.0,0.0,-20.0,0.0,0.0,-9.0,-14.0,-16.0,-15.0,0.0,0.0,0.0,-20.0,0.0,-10.0,0.0,0.0,0.0,-5.0,-17.0,0.0,0.0,0.0,-19.0,0.0,-20.0,0.0,11.91601302351999,-8.881784197001252e-16,-27.0,0.0,0.0
SA30729,-11.0,-13.0,0.0,0.0,-2.0,0.0,0.0,-2.0,-1.0,0.0,-2.0,-8.0,0.0,0.0,0.0,0.0,0.0,-2.0,0.0,0.0,0.0,0.0,0.0,0.0,0.0,0.0,-20.0,0.0,0.0,-9.0,-14.0,-10.0,-15.0,-7.0,0.0,-6.0,-20.0,-12.0,-10.0,0.0,0.0,0.0,-5.0,0.0,0.0,-11.0,0.0,-19.0,0.0,-15.0,0.0,11.866669427539087,-8.881784197001252e-16,-27.0,0.0,0.0
SA30760,-7.0,-13.0,0.0,0.0,-2.0,0.0,0.0,-2.0,-1.0,0.0,-2.0,-3.0,0.0,0.0,0.0,0.0,0.0,-2.0,0.0,0.0,0.0,0.0,0.0,0.0,0.0,0.0,-20.0,-8.0,0.0,-9.0,-6.0,-10.0,-15.0,-7.0,0.0,-6.0,-20.0,-6.0,-7.0,-6.0,0.0,0.0,-5.0,-11.0,0.0,-11.0,0.0,-14.0,-8.0,-9.0,0.0,11.81927731169907,-8.881784197001252e-16,-27.0,0.0,0.0
SA30770,-4.0,-13.0,0.0,-1.0,-2.0,0.0,0.0,-2.0,-1.0,0.0,-2.0,-2.0,0.0,0.0,0.0,0.0,0.0,-2.0,0.0,0.0,0.0,0.0,0.0,0.0,0.0,0.0,-20.0,-8.0,-4.0,-9.0,-6.0,-10.0,-15.0,-7.0,0.0,-6.0,-20.0,-6.0,-5.0,-6.0,-3.0,0.0,-5.0,-6.0,0.0,-11.0,-8.0,-14.0,0.0,-9.0,-2.0,11.773095334905033,0.0,-28.0,0.0,0.0
SA30947,-6.0,-13.0,0.0,-1.0,-2.0,0.0,0.0,-2.0,-1.0,0.0,-2.0,-3.0,0.0,0.0,0.0,0.0,0.0,-2.0,0.0,0.0,0.0,0.0,0.0,0.0,0.0,0.0,-20.0,-8.0,-4.0,-9.0,-6.0,-10.0,-15.0,-7.0,0.0,-6.0,-20.0,-6.0,-7.0,-6.0,0.0,0.0,-5.0,-6.0,0.0,-11.0,0.0,-14.0,-8.0,-9.0,0.0,11.792429454180619,0.0,-28.0,0.0,0.0
SA30949,-18.0,-20.0,0.0,0.0,0.0,-15.0,0.0,0.0,0.0,0.0,0.0,-10.0,0.0,0.0,0.0,0.0,0.0,0.0,0.0,-1.0,0.0,0.0,-10.0,0.0,0.0,0.0,-20.0,0.0,0.0,-14.0,-20.0,0.0,-15.0,0.0,0.0,0.0,-20.0,0.0,0.0,0.0,0.0,0.0,0.0,0.0,-20.0,0.0,0.0,-20.0,0.0,0.0,0.0,12.659767158166161,0.0,0.0,0.0,0.0
SA30969,-15.0,-13.0,0.0,0.0,-2.0,-14.0,0.0,-2.0,0.0,0.0,-2.0,-10.0,0.0,0.0,0.0,0.0,0.0,-2.0,0.0,0.0,0.0,0.0,-4.0,0.0,0.0,0.0,-20.0,0.0,0.0,-9.0,-20.0,-16.0,-15.0,0.0,0.0,-12.0,-20.0,0.0,-10.0,0.0,0.0,0.0,-5.0,0.0,0.0,0.0,0.0,-20.0,0.0,0.0,0.0,11.936143064072636,-8.881784197001252e-16,-27.0,0.0,0.0
SA31074,-21.0,-20.0,0.0,0.0,0.0,0.0,0.0,0.0,0.0,0.0,0.0,0.0,0.0,0.0,0.0,0.0,0.0,0.0,0.0,-1.0,0.0,0.0,-20.0,0.0,-20.0,0.0,-20.0,0.0,0.0,0.0,0.0,0.0,0.0,0.0,0.0,0.0,0.0,0.0,0.0,0.0,0.0,0.0,0.0,0.0,-20.0,0.0,0.0,-20.0,0.0,-20.0,0.0,12.415756213547839,0.0,-17.0,0.0,0.0
SA31075,-16.0,-13.0,0.0,0.0,-2.0,0.0,0.0,-2.0,0.0,0.0,0.0,-6.0,0.0,0.0,0.0,0.0,0.0,0.0,0.0,-1.0,0.0,0.0,-11.0,0.0,-7.0,0.0,-20.0,0.0,0.0,-17.0,-14.0,0.0,-15.0,0.0,0.0,0.0,-20.0,0.0,-10.0,0.0,0.0,0.0,0.0,0.0,-20.0,0.0,0.0,-20.0,0.0,-20.0,0.0,12.010319933831848,-8.881784197001252e-16,-23.0,0.0,0.0
SA31151,-20.0,-20.0,0.0,0.0,0.0,-17.0,0.0,0.0,0.0,0.0,0.0,-20.0,0.0,0.0,0.0,0.0,0.0,0.0,0.0,0.0,0.0,0.0,-20.0,0.0,0.0,0.0,-20.0,0.0,0.0,-14.0,-20.0,0.0,0.0,0.0,0.0,0.0,-20.0,0.0,0.0,0.0,0.0,0.0,0.0,0.0,0.0,0.0,0.0,-20.0,0.0,0.0,0.0,12.812903233072063,0.0,0.0,0.0,0.0
SA31162,-14.0,-13.0,0.0,0.0,-2.0,0.0,0.0,-2.0,0.0,0.0,-2.0,-8.0,0.0,0.0,0.0,0.0,0.0,-2.0,0.0,0.0,0.0,0.0,-4.0,0.0,-7.0,0.0,-20.0,0.0,0.0,-9.0,-14.0,-16.0,-15.0,0.0,0.0,-12.0,-20.0,0.0,-10.0,0.0,0.0,0.0,-5.0,0.0,0.0,0.0,0.0,-20.0,0.0,-20.0,0.0,11.917450555041556,-8.881784197001252e-16,-27.0,0.0,0.0
SA31280,-17.0,-20.0,0.0,0.0,0.0,-14.0,0.0,-2.0,-1.0,0.0,0.0,-8.0,0.0,0.0,0.0,0.0,0.0,0.0,0.0,-1.0,0.0,0.0,-6.0,0.0,0.0,0.0,-20.0,0.0,0.0,0.0,-20.0,0.0,-15.0,-7.0,0.0,0.0,-20.0,0.0,-17.0,0.0,0.0,0.0,0.0,0.0,-20.0,0.0,0.0,-20.0,0.0,0.0,0.0,12.074815609650809,-8.881784197001252e-16,-21.0,0.0,0.0
SA31372,-9.0,-13.0,0.0,-1.0,-2.0,0.0,0.0,-2.0,-1.0,0.0,-2.0,-3.0,0.0,0.0,0.0,0.0,0.0,-2.0,0.0,0.0,0.0,0.0,0.0,0.0,-1.0,0.0,-20.0,-8.0,-4.0,-9.0,0.0,-10.0,-15.0,-7.0,0.0,-6.0,-20.0,-6.0,-7.0,0.0,0.0,0.0,-5.0,0.0,0.0,-11.0,0.0,-19.0,-8.0,-20.0,0.0,11.82677856532771,0.0,-28.0,0.0,0.0
SA31411,-8.0,-13.0,0.0,-1.0,-2.0,0.0,0.0,-2.0,-1.0,0.0,-2.0,-3.0,0.0,0.0,0.0,0.0,0.0,-2.0,0.0,0.0,0.0,0.0,0.0,0.0,-1.0,0.0,-20.0,-8.0,-4.0,-9.0,0.0,-10.0,-15.0,-7.0,0.0,-6.0,-20.0,-6.0,-7.0,0.0,0.0,0.0,-5.0,-6.0,0.0,-11.0,-8.0,-14.0,0.0,-20.0,0.0,11.815758450891737,0.0,-28.0,0.0,0.0
SA31427,-12.0,-13.0,0.0,-1.0,-2.0,0.0,0.0,-2.0,-1.0,0.0,-2.0,-8.0,0.0,0.0,0.0,0.0,0.0,-2.0,0.0,0.0,0.0,0.0,0.0,0.0,-10.0,0.0,-20.0,-8.0,-4.0,-9.0,0.0,-16.0,-15.0,-7.0,0.0,-6.0,-20.0,0.0,-10.0,0.0,0.0,0.0,-5.0,0.0,0.0,0.0,0.0,-19.0,0.0,-20.0,0.0,11.865952049379148,0.0,-28.0,0.0,0.0
SA31612,-15.0,-13.0,0.0,0.0,-2.0,-14.0,0.0,-2.0,-1.0,0.0,-2.0,-8.0,0.0,0.0,0.0,0.0,0.0,0.0,0.0,-1.0,0.0,0.0,0.0,0.0,0.0,0.0,-20.0,0.0,0.0,-17.0,-20.0,0.0,-15.0,-7.0,0.0,-6.0,-20.0,0.0,-10.0,0.0,0.0,0.0,0.0,0.0,-20.0,0.0,0.0,-19.0,0.0,0.0,0.0,11.971153632799917,8.881784197001252e-16,-24.0,0.0,0.0
SA31781,-7.0,-13.0,0.0,-1.0,-2.0,0.0,0.0,-2.0,-1.0,0.0,-2.0,-3.0,0.0,0.0,0.0,0.0,0.0,-2.0,0.0,0.0,0.0,0.0,0.0,0.0,0.0,0.0,-20.0,-8.0,-4.0,-9.0,-6.0,-10.0,-15.0,-7.0,0.0,-6.0,-20.0,-6.0,-7.0,0.0,0.0,0.0,-5.0,-6.0,0.0,-11.0,0.0,-14.0,-8.0,-15.0,0.0,11.803202747150022,0.0,-28.0,0.0,0.0
SA31783,-15.0,-13.0,0.0,0.0,-2.0,0.0,0.0,-2.0,0.0,0.0,-2.0,-6.0,0.0,0.0,0.0,0.0,0.0,0.0,0.0,0.0,0.0,0.0,-4.0,0.0,-7.0,0.0,-20.0,0.0,0.0,-17.0,-14.0,-16.0,-15.0,0.0,0.0,-12.0,-20.0,0.0,-10.0,0.0,0.0,0.0,0.0,0.0,0.0,0.0,0.0,-20.0,0.0,-20.0,0.0,11.970777629270868,8.881784197001252e-16,-24.0,0.0,0.0
SA31890,-12.0,-13.0,0.0,0.0,-2.0,0.0,0.0,-2.0,0.0,0.0,-2.0,-3.0,0.0,0.0,0.0,0.0,0.0,-2.0,0.0,0.0,0.0,0.0,-4.0,0.0,-7.0,0.0,-20.0,0.0,0.0,-9.0,-14.0,-10.0,-15.0,0.0,0.0,-6.0,-20.0,-12.0,-7.0,0.0,0.0,0.0,-5.0,0.0,0.0,0.0,0.0,-20.0,-8.0,-20.0,0.0,11.883679541099246,-8.881784197001252e-16,-27.0,0.0,0.0
SA31909,-14.0,-13.0,0.0,0.0,-2.0,0.0,0.0,-2.0,-1.0,0.0,0.0,-8.0,0.0,0.0,0.0,0.0,0.0,-2.0,0.0,-1.0,0.0,0.0,-6.0,0.0,-10.0,0.0,-20.0,-8.0,0.0,-9.0,0.0,0.0,-15.0,-7.0,0.0,0.0,-20.0,0.0,-10.0,0.0,0.0,0.0,-5.0,0.0,-20.0,0.0,0.0,-20.0,0.0,-20.0,0.0,11.937620142396689,-8.881784197001252e-16,-26.0,0.0,0.0
SA31948,-6.0,-13.0,0.0,0.0,-2.0,0.0,0.0,-2.0,-1.0,0.0,-2.0,-2.0,0.0,0.0,0.0,0.0,0.0,-2.0,0.0,0.0,0.0,0.0,0.0,0.0,0.0,0.0,-20.0,-8.0,0.0,-9.0,-6.0,-10.0,-15.0,-7.0,0.0,-6.0,-20.0,-6.0,-7.0,-6.0,-3.0,0.0,-5.0,-11.0,0.0,-11.0,-8.0,-14.0,0.0,-9.0,0.0,11.809361122839892,-8.881784197001252e-16,-27.0,0.0,0.0
SA31961,-11.0,-13.0,0.0,0.0,-2.0,0.0,0.0,-2.0,-1.0,0.0,-2.0,-3.0,0.0,0.0,0.0,0.0,0.0,-2.0,0.0,0.0,0.0,0.0,0.0,0.0,-7.0,0.0,-20.0,0.0,0.0,-9.0,-14.0,-10.0,-15.0,-7.0,0.0,-6.0,-20.0,-12.0,-7.0,0.0,0.0,0.0,-5.0,0.0,0.0,0.0,-8.0,-19.0,0.0,-20.0,0.0,11.86413325397694,-8.881784197001252e-16,-27.0,0.0,0.0
SA31994,-11.0,-13.0,0.0,-1.0,-2.0,0.0,0.0,-2.0,-1.0,0.0,-2.0,-8.0,0.0,0.0,0.0,0.0,0.0,-2.0,0.0,0.0,0.0,0.0,0.0,0.0,-7.0,0.0,-20.0,0.0,-4.0,-9.0,-14.0,-10.0,-15.0,-7.0,0.0,-6.0,-20.0,-6.0,-10.0,0.0,0.0,0.0,-5.0,0.0,0.0,0.0,0.0,-19.0,0.0,-20.0,0.0,11.845011314197833,0.0,-28.0,0.0,0.0
SA32002,-10.0,-13.0,0.0,-1.0,-2.0,0.0,0.0,-2.0,-1.0,0.0,-2.0,-8.0,0.0,0.0,0.0,0.0,0.0,-2.0,0.0,0.0,0.0,0.0,0.0,0.0,-1.0,0.0,-20.0,-8.0,-4.0,-9.0,0.0,-10.0,-15.0,-7.0,0.0,-6.0,-20.0,-6.0,-10.0,0.0,0.0,0.0,-5.0,0.0,0.0,-11.0,0.0,-19.0,0.0,-20.0,0.0,11.837894165843647,0.0,-28.0,0.0,0.0
SA32009,-12.0,-13.0,0.0,0.0,-2.0,0.0,0.0,-2.0,0.0,0.0,-2.0,-3.0,0.0,0.0,0.0,0.0,0.0,-2.0,0.0,0.0,0.0,0.0,-4.0,0.0,-10.0,0.0,-20.0,-8.0,0.0,-9.0,0.0,-10.0,-15.0,0.0,0.0,-6.0,-20.0,-12.0,-7.0,0.0,0.0,0.0,-5.0,0.0,0.0,0.0,0.0,-20.0,-8.0,-20.0,0.0,11.884498683965889,-8.881784197001252e-16,-27.0,0.0,0.0
SA32023,-20.0,-20.0,0.0,0.0,0.0,0.0,0.0,0.0,0.0,0.0,0.0,-6.0,0.0,0.0,0.0,0.0,0.0,0.0,0.0,-1.0,0.0,0.0,-20.0,0.0,-16.0,0.0,-20.0,0.0,0.0,0.0,0.0,0.0,0.0,0.0,0.0,0.0,-20.0,0.0,0.0,0.0,0.0,0.0,0.0,0.0,-20.0,0.0,0.0,-20.0,0.0,-20.0,0.0,12.248514458972608,0.0,-19.0,0.0,0.0
SA32148,-1.0,-13.0,0.0,-1.0,-2.0,0.0,0.0,-2.0,-1.0,-2.0,-2.0,-2.0,0.0,0.0,0.0,0.0,0.0,-2.0,0.0,0.0,0.0,0.0,0.0,0.0,0.0,0.0,-20.0,-8.0,-4.0,-9.0,-6.0,-7.0,-15.0,-7.0,-4.0,-6.0,-17.0,-6.0,-5.0,-6.0,-3.0,0.0,-5.0,-6.0,-3.0,-11.0,-5.0,-14.0,-3.0,-9.0,-2.0,11.76242515870207,8.881784197001252e-16,-28.0,0.0,0.0
SA32154,-19.0,-20.0,0.0,0.0,0.0,-17.0,0.0,0.0,0.0,0.0,0.0,-20.0,0.0,0.0,0.0,0.0,0.0,0.0,0.0,0.0,0.0,0.0,-15.0,0.0,0.0,0.0,-20.0,0.0,0.0,-14.0,-20.0,0.0,-15.0,0.0,0.0,0.0,-20.0,0.0,0.0,0.0,0.0,0.0,0.0,0.0,0.0,0.0,0.0,-20.0,0.0,0.0,0.0,12.723807081137837,0.0,0.0,0.0,0.0
SA32177,-10.0,-13.0,0.0,0.0,-2.0,0.0,0.0,-2.0,-1.0,0.0,-2.0,-3.0,0.0,0.0,0.0,0.0,0.0,-2.0,0.0,0.0,0.0,0.0,0.0,0.0,-7.0,0.0,-20.0,0.0,0.0,-9.0,-14.0,-10.0,-15.0,-7.0,0.0,-6.0,-20.0,-6.0,-7.0,0.0,0.0,0.0,-5.0,-11.0,0.0,0.0,0.0,-14.0,-8.0,-20.0,0.0,11.849077002136909,-8.881784197001252e-16,-27.0,0.0,0.0
SA32195,-11.0,-13.0,0.0,0.0,-2.0,0.0,0.0,-2.0,-1.0,0.0,-2.0,-3.0,0.0,0.0,0.0,0.0,0.0,-2.0,0.0,0.0,0.0,0.0,0.0,0.0,-7.0,0.0,-20.0,0.0,0.0,-9.0,-14.0,-10.0,-15.0,-7.0,0.0,-6.0,-20.0,-12.0,-7.0,0.0,0.0,0.0,-5.0,0.0,0.0,0.0,0.0,-19.0,-8.0,-20.0,0.0,11.863488326875068,-8.881784197001252e-16,-27.0,0.0,0.0
SA32203,-15.0,-13.0,0.0,0.0,-2.0,0.0,0.0,-2.0,0.0,0.0,0.0,-8.0,0.0,0.0,0.0,0.0,0.0,-2.0,0.0,-1.0,0.0,0.0,-11.0,0.0,-7.0,0.0,-20.0,0.0,0.0,-9.0,-14.0,0.0,-15.0,0.0,0.0,0.0,-20.0,0.0,-10.0,0.0,0.0,0.0,-5.0,0.0,-20.0,0.0,0.0,-20.0,0.0,-20.0,0.0,11.956992859602536,0.0,-26.0,0.0,0.0
SA32205,-11.0,-13.0,0.0,0.0,-2.0,0.0,0.0,-2.0,-1.0,0.0,-2.0,-3.0,0.0,0.0,0.0,0.0,0.0,-2.0,0.0,0.0,0.0,0.0,0.0,0.0,-10.0,0.0,-20.0,-8.0,0.0,-9.0,0.0,-10.0,-15.0,-7.0,0.0,-6.0,-20.0,-12.0,-7.0,0.0,0.0,0.0,-5.0,0.0,0.0,0.0,-8.0,-19.0,0.0,-20.0,0.0,11.864952396843586,-8.881784197001252e-16,-27.0,0.0,0.0
SA32221,-20.0,-20.0,0.0,0.0,0.0,0.0,0.0,0.0,0.0,0.0,0.0,-17.0,0.0,0.0,0.0,0.0,0.0,0.0,0.0,0.0,0.0,0.0,-15.0,0.0,-20.0,0.0,-20.0,0.0,0.0,0.0,0.0,0.0,-15.0,0.0,0.0,0.0,-20.0,0.0,0.0,0.0,0.0,0.0,0.0,0.0,0.0,0.0,0.0,-20.0,0.0,-20.0,0.0,12.977143359981527,0.0,-1.0,0.0,0.0
SA32233,-8.0,-13.0,0.0,-1.0,-2.0,0.0,0.0,-2.0,-1.0,0.0,-2.0,-3.0,0.0,0.0,0.0,0.0,0.0,-2.0,0.0,0.0,0.0,0.0,0.0,0.0,-7.0,0.0,-20.0,-8.0,-4.0,-9.0,-6.0,-10.0,-15.0,-7.0,0.0,-6.0,-20.0,-6.0,-7.0,0.0,0.0,0.0,-5.0,-6.0,0.0,0.0,-8.0,-14.0,0.0,-20.0,0.0,11.81178217410381,0.0,-28.0,0.0,0.0
SA32235,-3.0,-13.0,0.0,-1.0,-2.0,0.0,0.0,-2.0,-1.0,-2.0,-2.0,-2.0,0.0,0.0,0.0,0.0,0.0,-2.0,0.0,0.0,0.0,0.0,0.0,0.0,0.0,0.0,-20.0,-8.0,-4.0,-9.0,-6.0,-10.0,-15.0,-7.0,-4.0,-6.0,-17.0,-6.0,-5.0,-6.0,-3.0,0.0,-5.0,-6.0,0.0,-11.0,-8.0,-14.0,0.0,-9.0,-2.0,11.768287559771748,8.881784197001252e-16,-28.0,0.0,0.0
SA32240,-9.0,-13.0,0.0,0.0,-2.0,0.0,0.0,-2.0,-1.0,0.0,-2.0,-3.0,0.0,0.0,0.0,0.0,0.0,-2.0,0.0,0.0,0.0,0.0,0.0,0.0,0.0,0.0,-20.0,0.0,0.0,-9.0,-14.0,-10.0,-15.0,-7.0,0.0,-6.0,-20.0,-6.0,-7.0,0.0,0.0,0.0,-5.0,-11.0,0.0,-11.0,-8.0,-14.0,0.0,-15.0,0.0,11.841787429386862,-8.881784197001252e-16,-27.0,0.0,0.0
SA32290,-14.0,-13.0,0.0,0.0,-2.0,0.0,0.0,-2.0,0.0,0.0,0.0,-8.0,0.0,0.0,0.0,0.0,0.0,-2.0,0.0,0.0,0.0,0.0,-11.0,0.0,-10.0,0.0,-20.0,-8.0,0.0,-9.0,0.0,-10.0,-15.0,0.0,0.0,0.0,-20.0,-12.0,-10.0,0.0,0.0,0.0,-5.0,0.0,0.0,0.0,0.0,-20.0,0.0,-20.0,0.0,11.933281880320667,0.0,-26.0,0.0,0.0
SA32307,-15.0,-13.0,0.0,-1.0,-2.0,-14.0,0.0,-2.0,0.0,0.0,-2.0,-8.0,0.0,0.0,0.0,0.0,0.0,0.0,0.0,0.0,0.0,0.0,-4.0,0.0,0.0,0.0,-20.0,0.0,-4.0,-17.0,-20.0,-16.0,-15.0,0.0,0.0,-6.0,-20.0,0.0,-10.0,0.0,0.0,0.0,0.0,0.0,0.0,0.0,0.0,-20.0,0.0,0.0,0.0,11.957345495365981,0.0,-25.0,0.0,0.0
SA32309,-13.0,-13.0,0.0,-1.0,-2.0,0.0,0.0,-2.0,0.0,0.0,-2.0,-8.0,0.0,0.0,0.0,0.0,0.0,-2.0,0.0,0.0,0.0,0.0,-4.0,0.0,-10.0,0.0,-20.0,-8.0,-4.0,-9.0,0.0,-16.0,-15.0,0.0,0.0,-6.0,-20.0,0.0,-10.0,0.0,0.0,0.0,-5.0,0.0,0.0,0.0,0.0,-20.0,0.0,-20.0,0.0,11.886143263603325,0.0,-28.0,0.0,0.0
SA32347,-15.0,-13.0,0.0,0.0,-2.0,0.0,0.0,-2.0,-1.0,0.0,0.0,-6.0,0.0,0.0,0.0,0.0,0.0,0.0,0.0,-1.0,0.0,0.0,-6.0,0.0,-7.0,0.0,-20.0,0.0,0.0,-17.0,-14.0,0.0,-15.0,-7.0,0.0,0.0,-20.0,0.0,-10.0,0.0,0.0,0.0,0.0,0.0,-20.0,0.0,0.0,-20.0,0.0,-20.0,0.0,11.990128719607673,0.0,-23.0,0.0,0.0
SA32362,-9.0,-13.0,0.0,0.0,-2.0,0.0,0.0,-2.0,-1.0,0.0,-2.0,-3.0,0.0,0.0,0.0,0.0,0.0,-2.0,0.0,0.0,0.0,0.0,0.0,0.0,-1.0,0.0,-20.0,-8.0,0.0,-9.0,0.0,-10.0,-15.0,-7.0,0.0,-6.0,-20.0,-6.0,-7.0,0.0,0.0,0.0,-5.0,-11.0,0.0,-11.0,0.0,-14.0,-8.0,-20.0,0.0,11.841961381308314,-8.881784197001252e-16,-27.0,0.0,0.0
SA32363,-2.0,-13.0,0.0,-1.0,-2.0,0.0,0.0,-2.0,-1.0,0.0,-2.0,-2.0,0.0,0.0,0.0,0.0,0.0,-2.0,0.0,0.0,0.0,0.0,0.0,0.0,0.0,0.0,-20.0,-8.0,-4.0,-9.0,-6.0,-7.0,-15.0,-7.0,0.0,-6.0,-20.0,-6.0,-5.0,-6.0,-3.0,0.0,-5.0,-6.0,-3.0,-11.0,-5.0,-14.0,-3.0,-9.0,-2.0,11.767232933835356,0.0,-28.0,0.0,0.0
SA32375,-13.0,-13.0,0.0,0.0,-2.0,0.0,0.0,-2.0,-1.0,0.0,0.0,-8.0,0.0,0.0,0.0,0.0,0.0,-2.0,0.0,0.0,0.0,0.0,-6.0,0.0,-7.0,0.0,-20.0,0.0,0.0,-9.0,-14.0,-10.0,-15.0,-7.0,0.0,0.0,-20.0,-12.0,-10.0,0.0,0.0,0.0,-5.0,0.0,0.0,0.0,0.0,-20.0,0.0,-20.0,0.0,11.912271523229846,-8.881784197001252e-16,-26.0,0.0,0.0
SA32393,-20.0,-20.0,0.0,0.0,0.0,-17.0,0.0,0.0,0.0,0.0,0.0,-20.0,0.0,0.0,0.0,0.0,0.0,0.0,0.0,0.0,0.0,0.0,-15.0,0.0,0.0,0.0,-20.0,0.0,0.0,0.0,-20.0,0.0,-15.0,0.0,0.0,0.0,-20.0,0.0,0.0,0.0,0.0,0.0,0.0,0.0,0.0,0.0,0.0,-20.0,0.0,0.0,0.0,12.791008676377386,0.0,-1.0,0.0,0.0
SA32405,-13.0,-13.0,0.0,0.0,-2.0,0.0,0.0,-2.0,-1.0,0.0,-2.0,-8.0,0.0,0.0,0.0,0.0,0.0,-2.0,0.0,0.0,0.0,0.0,0.0,0.0,-10.0,0.0,-20.0,-8.0,0.0,-9.0,0.0,-16.0,-15.0,-7.0,0.0,-12.0,-20.0,0.0,-10.0,0.0,0.0,0.0,-5.0,0.0,0.0,0.0,0.0,-19.0,0.0,-20.0,0.0,11.898078693438611,-8.881784197001252e-16,-27.0,0.0,0.0
SA32452,-2.0,-13.0,0.0,-1.0,-2.0,0.0,0.0,-2.0,-1.0,-2.0,-2.0,-2.0,0.0,0.0,0.0,0.0,0.0,-2.0,0.0,0.0,0.0,0.0,0.0,0.0,0.0,0.0,-20.0,-8.0,-4.0,-9.0,-6.0,-7.0,-15.0,-7.0,-4.0,-6.0,-17.0,-6.0,-5.0,-6.0,-3.0,0.0,-5.0,-6.0,-3.0,-11.0,-8.0,-14.0,0.0,-9.0,-2.0,11.765342339329079,8.881784197001252e-16,-28.0,0.0,0.0
SA32485,-2.0,-13.0,0.0,-1.0,-2.0,0.0,0.0,-2.0,-1.0,-2.0,-2.0,-2.0,0.0,0.0,0.0,0.0,0.0,-2.0,0.0,0.0,0.0,0.0,0.0,0.0,0.0,0.0,-20.0,-8.0,-4.0,-9.0,-6.0,-7.0,-15.0,-7.0,-4.0,-6.0,-17.0,-6.0,-5.0,-6.0,-3.0,0.0,-5.0,-6.0,-3.0,-11.0,0.0,-14.0,-8.0,-9.0,-2.0,11.764697412227207,8.881784197001252e-16,-28.0,0.0,0.0
SA32519,-22.0,-20.0,0.0,0.0,0.0,0.0,0.0,0.0,0.0,0.0,0.0,0.0,0.0,0.0,0.0,0.0,0.0,0.0,0.0,0.0,0.0,0.0,-20.0,0.0,-20.0,0.0,-20.0,0.0,0.0,0.0,0.0,0.0,0.0,0.0,0.0,0.0,0.0,0.0,0.0,0.0,0.0,0.0,0.0,0.0,0.0,0.0,0.0,-20.0,0.0,-20.0,0.0,12.484270266778973,0.0,-18.0,0.0,0.0
SA32523,-7.0,-13.0,0.0,-1.0,-2.0,0.0,0.0,-2.0,-1.0,0.0,-2.0,-3.0,0.0,0.0,0.0,0.0,0.0,-2.0,0.0,0.0,0.0,0.0,0.0,0.0,0.0,0.0,-20.0,-8.0,-4.0,-9.0,-6.0,-10.0,-15.0,-7.0,0.0,-6.0,-20.0,-6.0,-7.0,0.0,0.0,0.0,-5.0,-6.0,0.0,-11.0,-8.0,-14.0,0.0,-15.0,0.0,11.803847674251891,0.0,-28.0,0.0,0.0
SA32527,-10.0,-13.0,0.0,0.0,-2.0,0.0,0.0,-2.0,-1.0,0.0,-2.0,-3.0,0.0,0.0,0.0,0.0,0.0,-2.0,0.0,0.0,0.0,0.0,0.0,0.0,-10.0,0.0,-20.0,-8.0,0.0,-9.0,0.0,-10.0,-15.0,-7.0,0.0,-6.0,-20.0,-6.0,-7.0,0.0,0.0,0.0,-5.0,-11.0,0.0,0.0,-8.0,-14.0,0.0,-20.0,0.0,11.850540808262105,-8.881784197001252e-16,-27.0,0.0,0.0
SA32529,-3.0,-13.0,0.0,-1.0,-2.0,0.0,0.0,-2.0,-1.0,-2.0,-2.0,-2.0,0.0,0.0,0.0,0.0,0.0,-2.0,0.0,0.0,0.0,0.0,0.0,0.0,0.0,0.0,-20.0,-8.0,-4.0,-9.0,-6.0,-10.0,-15.0,-7.0,-4.0,-6.0,-17.0,-6.0,-5.0,-6.0,-3.0,0.0,-5.0,-6.0,0.0,-11.0,0.0,-14.0,-8.0,-9.0,-2.0,11.76764263266988,8.881784197001252e-16,-28.0,0.0,0.0
SA32544,-14.0,-13.0,0.0,0.0,-2.0,-14.0,0.0,-2.0,-1.0,0.0,-2.0,-10.0,0.0,0.0,0.0,0.0,0.0,-2.0,0.0,-1.0,0.0,0.0,0.0,0.0,0.0,0.0,-20.0,0.0,0.0,-9.0,-20.0,0.0,-15.0,-7.0,0.0,-6.0,-20.0,0.0,-10.0,0.0,0.0,0.0,-5.0,0.0,-20.0,0.0,0.0,-19.0,0.0,0.0,0.0,11.917826558570603,-8.881784197001252e-16,-27.0,0.0,0.0
SA32549,-21.0,-20.0,0.0,0.0,0.0,0.0,0.0,0.0,0.0,0.0,0.0,-17.0,0.0,0.0,0.0,0.0,0.0,0.0,0.0,0.0,0.0,0.0,-20.0,0.0,-20.0,0.0,-20.0,0.0,0.0,0.0,0.0,0.0,0.0,0.0,0.0,0.0,-20.0,0.0,0.0,0.0,0.0,0.0,0.0,0.0,0.0,0.0,0.0,-20.0,0.0,-20.0,0.0,13.176023407997397,0.04046594127078951,-1.0,0.0,0.0
SA32579,-10.0,-13.0,0.0,0.0,-2.0,0.0,0.0,-2.0,-1.0,0.0,-2.0,-3.0,0.0,0.0,0.0,0.0,0.0,-2.0,0.0,0.0,0.0,0.0,0.0,0.0,-10.0,0.0,-20.0,-8.0,0.0,-9.0,0.0,-10.0,-15.0,-7.0,0.0,-6.0,-20.0,-6.0,-7.0,0.0,0.0,0.0,-5.0,-11.0,0.0,0.0,0.0,-14.0,-8.0,-20.0,0.0,11.849895881160233,-8.881784197001252e-16,-27.0,0.0,0.0
SA32616,-20.0,-20.0,0.0,0.0,0.0,0.0,0.0,0.0,0.0,0.0,0.0,0.0,0.0,0.0,0.0,0.0,0.0,0.0,0.0,0.0,0.0,0.0,-15.0,0.0,-20.0,0.0,-20.0,0.0,0.0,0.0,0.0,0.0,-15.0,0.0,0.0,0.0,0.0,0.0,-19.0,0.0,0.0,0.0,0.0,0.0,0.0,0.0,0.0,-20.0,0.0,-20.0,0.0,12.865836771577246,0.0,0.0,0.0,0.0
SA32627,-19.0,-20.0,0.0,0.0,0.0,-14.0,0.0,0.0,-3.0,0.0,0.0,-8.0,0.0,0.0,0.0,0.0,0.0,0.0,0.0,-1.0,0.0,0.0,-6.0,0.0,0.0,0.0,-20.0,0.0,0.0,0.0,-20.0,0.0,0.0,-20.0,0.0,0.0,-20.0,0.0,0.0,0.0,0.0,0.0,0.0,0.0,-20.0,0.0,0.0,-20.0,0.0,0.0,0.0,12.206041255170492,0.0,-19.0,0.0,0.0
SA32638,-6.0,-13.0,0.0,0.0,-2.0,0.0,0.0,-2.0,-1.0,0.0,-2.0,-3.0,0.0,0.0,0.0,0.0,0.0,-2.0,0.0,0.0,0.0,0.0,0.0,0.0,0.0,0.0,-20.0,-8.0,0.0,-9.0,-6.0,-10.0,-15.0,-7.0,0.0,-6.0,-20.0,-6.0,-5.0,-6.0,0.0,0.0,-5.0,-11.0,0.0,-11.0,-8.0,-14.0,0.0,-9.0,-2.0,11.81050430838453,-8.881784197001252e-16,-27.0,0.0,0.0
SA32640,-20.0,-20.0,0.0,0.0,0.0,0.0,0.0,-2.0,0.0,0.0,0.0,-15.0,0.0,0.0,0.0,0.0,0.0,0.0,0.0,0.0,0.0,0.0,-17.0,0.0,-19.0,0.0,-20.0,0.0,0.0,0.0,0.0,0.0,-15.0,0.0,0.0,0.0,-20.0,0.0,0.0,0.0,0.0,0.0,0.0,0.0,0.0,0.0,0.0,-20.0,0.0,-20.0,0.0,12.205708239207821,0.0,-21.0,0.0,0.0
SA32657,-14.0,-13.0,0.0,-1.0,-2.0,0.0,0.0,-2.0,0.0,0.0,-2.0,-6.0,0.0,0.0,0.0,0.0,0.0,0.0,0.0,0.0,0.0,0.0,-4.0,0.0,-10.0,0.0,-20.0,-8.0,-4.0,-17.0,0.0,-16.0,-15.0,0.0,0.0,-6.0,-20.0,0.0,-10.0,0.0,0.0,0.0,0.0,0.0,0.0,0.0,0.0,-20.0,0.0,-20.0,0.0,11.939470337832635,0.0,-25.0,0.0,0.0
SA32666,-7.0,-13.0,0.0,-1.0,-2.0,0.0,0.0,-2.0,-1.0,0.0,-2.0,-3.0,0.0,0.0,0.0,0.0,0.0,-2.0,0.0,0.0,0.0,0.0,0.0,0.0,0.0,0.0,-20.0,-8.0,-4.0,-9.0,-6.0,-10.0,-15.0,-7.0,0.0,-6.0,-20.0,-6.0,-7.0,-6.0,0.0,0.0,-5.0,0.0,0.0,-11.0,-8.0,-19.0,0.0,-9.0,0.0,11.804739422820333,0.0,-28.0,0.0,0.0
SA32668,-18.0,-20.0,0.0,0.0,0.0,-14.0,0.0,0.0,0.0,0.0,0.0,-10.0,0.0,0.0,0.0,0.0,0.0,0.0,0.0,-1.0,0.0,0.0,-11.0,0.0,0.0,0.0,-20.0,0.0,0.0,-14.0,-20.0,0.0,-15.0,0.0,0.0,0.0,-20.0,0.0,0.0,0.0,0.0,0.0,0.0,0.0,-20.0,0.0,0.0,-20.0,0.0,0.0,0.0,12.948394925328321,0.0,0.0,0.0,0.0
SA32672,-10.0,-13.0,0.0,0.0,-2.0,0.0,0.0,-2.0,-1.0,0.0,-2.0,-3.0,0.0,0.0,0.0,0.0,0.0,-2.0,0.0,0.0,0.0,0.0,0.0,0.0,-7.0,0.0,-20.0,0.0,0.0,-9.0,-14.0,-10.0,-15.0,-7.0,0.0,-6.0,-20.0,-6.0,-7.0,0.0,0.0,0.0,-5.0,-11.0,0.0,0.0,-8.0,-14.0,0.0,-20.0,0.0,11.849721929238777,-8.881784197001252e-16,-27.0,0.0,0.0
SA32694,-18.0,-20.0,0.0,0.0,0.0,-15.0,0.0,0.0,0.0,0.0,0.0,-10.0,0.0,0.0,0.0,0.0,0.0,0.0,0.0,0.0,0.0,0.0,0.0,0.0,0.0,0.0,-20.0,0.0,0.0,0.0,-20.0,0.0,-15.0,0.0,0.0,0.0,-20.0,-18.0,0.0,0.0,0.0,0.0,0.0,-16.0,0.0,0.0,0.0,-19.0,0.0,0.0,0.0,12.701342360499325,0.0,0.0,0.0,0.0
SA32718,-21.0,-20.0,0.0,0.0,0.0,0.0,0.0,0.0,0.0,0.0,0.0,-15.0,0.0,0.0,0.0,0.0,0.0,0.0,0.0,0.0,0.0,0.0,-20.0,0.0,-19.0,0.0,-20.0,0.0,0.0,0.0,0.0,0.0,0.0,0.0,0.0,0.0,-20.0,0.0,0.0,0.0,0.0,0.0,0.0,0.0,0.0,0.0,0.0,-20.0,0.0,-20.0,0.0,12.305675699083073,0.0,-19.0,0.0,0.0
SA32719,-8.0,-13.0,0.0,0.0,-2.0,0.0,0.0,-2.0,-1.0,0.0,-2.0,-3.0,0.0,0.0,0.0,0.0,0.0,-2.0,0.0,0.0,0.0,0.0,0.0,0.0,0.0,0.0,-20.0,-8.0,0.0,-9.0,-6.0,-10.0,-15.0,-7.0,0.0,-6.0,-20.0,-6.0,-7.0,0.0,0.0,0.0,-5.0,-11.0,0.0,-11.0,-8.0,-14.0,0.0,-15.0,0.0,11.830695531770344,-8.881784197001252e-16,-27.0,0.0,0.0
SA32783,-13.0,-13.0,0.0,0.0,-2.0,0.0,0.0,-2.0,0.0,0.0,-2.0,-8.0,0.0,0.0,0.0,0.0,0.0,-2.0,0.0,0.0,0.0,0.0,-4.0,0.0,-7.0,0.0,-20.0,0.0,0.0,-9.0,-14.0,-10.0,-15.0,0.0,0.0,-6.0,-20.0,-12.0,-10.0,0.0,0.0,0.0,-5.0,0.0,0.0,0.0,0.0,-20.0,0.0,-20.0,0.0,11.89479514161518,-8.881784197001252e-16,-27.0,0.0,0.0
SA32801,-18.0,-20.0,0.0,0.0,0.0,0.0,0.0,-2.0,0.0,0.0,0.0,-6.0,0.0,0.0,0.0,0.0,0.0,0.0,0.0,-1.0,0.0,0.0,-11.0,0.0,-7.0,0.0,-20.0,0.0,0.0,0.0,-14.0,0.0,-15.0,0.0,0.0,0.0,-20.0,0.0,0.0,0.0,0.0,0.0,0.0,0.0,-20.0,0.0,0.0,-20.0,0.0,-20.0,0.0,12.127279366922489,0.0,-21.0,0.0,0.0
SA32864,-13.0,-13.0,0.0,0.0,-2.0,0.0,0.0,-2.0,-1.0,0.0,0.0,-8.0,0.0,0.0,0.0,0.0,0.0,-2.0,0.0,0.0,0.0,0.0,-6.0,0.0,-10.0,0.0,-20.0,-8.0,0.0,-9.0,0.0,-10.0,-15.0,-7.0,0.0,0.0,-20.0,-12.0,-10.0,0.0,0.0,0.0,-5.0,0.0,0.0,0.0,0.0,-20.0,0.0,-20.0,0.0,11.91309066609649,-8.881784197001252e-16,-26.0,0.0,0.0
SA32865,-7.0,-13.0,0.0,0.0,-2.0,0.0,0.0,-2.0,-1.0,0.0,-2.0,-3.0,0.0,0.0,0.0,0.0,0.0,-2.0,0.0,0.0,0.0,0.0,0.0,0.0,0.0,0.0,-20.0,-8.0,0.0,-9.0,-6.0,-10.0,-15.0,-7.0,0.0,-6.0,-20.0,-6.0,-7.0,-6.0,0.0,0.0,-5.0,-11.0,0.0,-11.0,-8.0,-14.0,0.0,-9.0,0.0,11.81992223880094,-8.881784197001252e-16,-27.0,0.0,0.0
SA32880,-19.0,-20.0,0.0,0.0,0.0,-16.0,0.0,0.0,0.0,0.0,0.0,-20.0,0.0,0.0,0.0,0.0,0.0,0.0,0.0,0.0,0.0,0.0,-16.0,0.0,0.0,0.0,-20.0,0.0,0.0,-14.0,-20.0,0.0,-15.0,0.0,0.0,0.0,-20.0,0.0,0.0,0.0,0.0,0.0,0.0,0.0,0.0,0.0,0.0,-20.0,0.0,0.0,0.0,13.013934470873338,0.0,0.0,0.0,0.0
SA32887,-16.0,-13.0,0.0,0.0,-2.0,-14.0,0.0,-2.0,0.0,0.0,0.0,-8.0,0.0,0.0,0.0,0.0,0.0,0.0,-2.0,0.0,0.0,0.0,-1.0,0.0,0.0,0.0,-20.0,0.0,0.0,-17.0,-20.0,-16.0,-15.0,0.0,0.0,0.0,-20.0,0.0,-10.0,0.0,0.0,0.0,0.0,-17.0,0.0,0.0,0.0,-19.0,0.0,0.0,0.0,11.988032606780383,1.7763568394002505e-15,-24.0,0.0,0.0
SA32917,-20.0,-20.0,0.0,0.0,0.0,-17.0,0.0,-2.0,0.0,0.0,0.0,0.0,0.0,0.0,0.0,0.0,0.0,0.0,0.0,0.0,0.0,-20.0,-16.0,0.0,0.0,0.0,-20.0,0.0,0.0,0.0,-20.0,0.0,-15.0,0.0,0.0,0.0,0.0,0.0,0.0,0.0,0.0,0.0,0.0,0.0,0.0,0.0,-20.0,-20.0,0.0,0.0,0.0,12.338822856263448,-8.881784197001252e-16,-17.0,0.0,0.0
SA32929,-10.0,-13.0,0.0,-1.0,-2.0,0.0,0.0,-2.0,-1.0,0.0,-2.0,-3.0,0.0,0.0,0.0,0.0,0.0,-2.0,0.0,0.0,0.0,0.0,0.0,0.0,-7.0,0.0,-20.0,0.0,-4.0,-9.0,-14.0,-10.0,-15.0,-7.0,0.0,-6.0,-20.0,-6.0,-7.0,0.0,0.0,0.0,-5.0,0.0,0.0,0.0,-8.0,-19.0,0.0,-20.0,0.0,11.834540640783766,0.0,-28.0,0.0,0.0
SA32940,-15.0,-13.0,0.0,0.0,-2.0,0.0,0.0,-2.0,0.0,0.0,0.0,-6.0,0.0,0.0,0.0,0.0,0.0,0.0,-2.0,0.0,0.0,0.0,-1.0,0.0,-10.0,0.0,-20.0,-8.0,0.0,-17.0,0.0,-16.0,-15.0,0.0,0.0,0.0,-20.0,0.0,-10.0,0.0,0.0,0.0,0.0,-17.0,0.0,0.0,0.0,-19.0,0.0,-20.0,0.0,11.970158976772627,1.7763568394002505e-15,-24.0,0.0,0.0
SA32960,-11.0,-13.0,0.0,-1.0,-2.0,0.0,0.0,-2.0,-1.0,0.0,-2.0,-3.0,0.0,0.0,0.0,0.0,0.0,-2.0,0.0,0.0,0.0,0.0,0.0,0.0,-7.0,0.0,-20.0,0.0,-4.0,-9.0,-14.0,-16.0,-15.0,-7.0,0.0,-6.0,-20.0,0.0,-7.0,0.0,0.0,0.0,-5.0,0.0,0.0,0.0,0.0,-19.0,-8.0,-20.0,0.0,11.85401909736548,0.0,-28.0,0.0,0.0
SA32962,0.0,-13.0,0.0,-1.0,-2.0,0.0,0.0,-2.0,-1.0,-2.0,-2.0,-2.0,0.0,0.0,0.0,0.0,0.0,-2.0,0.0,0.0,0.0,0.0,0.0,0.0,0.0,0.0,-20.0,-7.0,-4.0,-9.0,-6.0,-7.0,-15.0,-7.0,-4.0,-6.0,-17.0,-6.0,-5.0,-6.0,-3.0,-2.0,-5.0,-6.0,-3.0,-11.0,-5.0,-14.0,-3.0,-9.0,-2.0,11.76149812897477,8.881784197001252e-16,-28.0,0.0,0.0
SA32963,-12.0,-13.0,0.0,0.0,-2.0,0.0,0.0,-2.0,0.0,0.0,-2.0,-8.0,0.0,0.0,0.0,0.0,0.0,-2.0,0.0,0.0,0.0,0.0,-4.0,0.0,0.0,0.0,-20.0,0.0,0.0,-9.0,-14.0,-10.0,-15.0,0.0,0.0,-6.0,-20.0,-12.0,-10.0,0.0,0.0,0.0,-5.0,0.0,0.0,-11.0,0.0,-20.0,0.0,-15.0,0.0,11.886860641763262,-8.881784197001252e-16,-27.0,0.0,0.0
SA32964,-8.0,-13.0,0.0,-1.0,-2.0,0.0,0.0,-2.0,-1.0,0.0,-2.0,-3.0,0.0,0.0,0.0,0.0,0.0,-2.0,0.0,0.0,0.0,0.0,0.0,0.0,0.0,0.0,-20.0,-8.0,-4.0,-9.0,-6.0,-10.0,-15.0,-7.0,0.0,-6.0,-20.0,-6.0,-7.0,0.0,0.0,0.0,-5.0,0.0,0.0,-11.0,0.0,-19.0,-8.0,-15.0,0.0,11.814867788687868,0.0,-28.0,0.0,0.0
SA32970,-15.0,-13.0,0.0,0.0,-2.0,0.0,0.0,-2.0,0.0,0.0,-2.0,-6.0,0.0,0.0,0.0,0.0,0.0,0.0,0.0,0.0,0.0,0.0,-4.0,0.0,-10.0,0.0,-20.0,-8.0,0.0,-17.0,0.0,-16.0,-15.0,0.0,0.0,-12.0,-20.0,0.0,-10.0,0.0,0.0,0.0,0.0,0.0,0.0,0.0,0.0,-20.0,0.0,-20.0,0.0,11.971596981892098,8.881784197001252e-16,-24.0,0.0,0.0
SA32971,-14.0,-13.0,0.0,-1.0,-2.0,-14.0,0.0,-2.0,0.0,0.0,-2.0,-10.0,0.0,0.0,0.0,0.0,0.0,-2.0,0.0,0.0,0.0,0.0,-4.0,0.0,0.0,0.0,-20.0,0.0,-4.0,-9.0,-20.0,-16.0,-15.0,0.0,0.0,-6.0,-20.0,0.0,-10.0,0.0,0.0,0.0,-5.0,0.0,0.0,0.0,0.0,-20.0,0.0,0.0,0.0,11.90401842113667,0.0,-28.0,0.0,0.0
SA32979,-9.0,-13.0,0.0,-1.0,-2.0,0.0,0.0,-2.0,-1.0,0.0,-2.0,-3.0,0.0,0.0,0.0,0.0,0.0,-2.0,0.0,0.0,0.0,0.0,0.0,0.0,-1.0,0.0,-20.0,-8.0,-4.0,-9.0,0.0,-10.0,-15.0,-7.0,0.0,-6.0,-20.0,-6.0,-7.0,0.0,0.0,0.0,-5.0,0.0,0.0,-11.0,-8.0,-19.0,0.0,-20.0,0.0,11.827423492429581,0.0,-28.0,0.0,0.0
SA33008,-14.0,-13.0,0.0,0.0,-2.0,0.0,0.0,-2.0,0.0,0.0,-2.0,-8.0,0.0,0.0,0.0,0.0,0.0,-2.0,0.0,0.0,0.0,0.0,-4.0,0.0,-10.0,0.0,-20.0,-8.0,0.0,-9.0,0.0,-16.0,-15.0,0.0,0.0,-12.0,-20.0,0.0,-10.0,0.0,0.0,0.0,-5.0,0.0,0.0,0.0,0.0,-20.0,0.0,-20.0,0.0,11.918269907662786,-8.881784197001252e-16,-27.0,0.0,0.0
SA33009,-16.0,-13.0,0.0,0.0,-2.0,0.0,0.0,-2.0,0.0,0.0,0.0,-6.0,0.0,0.0,0.0,0.0,0.0,0.0,0.0,-1.0,0.0,0.0,-11.0,0.0,-10.0,0.0,-20.0,-8.0,0.0,-17.0,0.0,0.0,-15.0,0.0,0.0,0.0,-20.0,0.0,-10.0,0.0,0.0,0.0,0.0,0.0,-20.0,0.0,0.0,-20.0,0.0,-20.0,0.0,12.011138430850174,-8.881784197001252e-16,-23.0,0.0,0.0
SA33011,-12.0,-13.0,0.0,0.0,-2.0,0.0,0.0,-2.0,-1.0,0.0,-2.0,-8.0,0.0,0.0,0.0,0.0,0.0,-2.0,0.0,0.0,0.0,0.0,0.0,0.0,-7.0,0.0,-20.0,0.0,0.0,-9.0,-14.0,-10.0,-15.0,-7.0,0.0,-6.0,-20.0,-12.0,-10.0,0.0,0.0,0.0,-5.0,0.0,0.0,0.0,0.0,-19.0,0.0,-20.0,0.0,11.874603927391004,-8.881784197001252e-16,-27.0,0.0,0.0
SA33014,-14.0,-13.0,0.0,0.0,-2.0,-14.0,0.0,-2.0,-1.0,0.0,-2.0,-10.0,0.0,0.0,0.0,0.0,0.0,-2.0,0.0,0.0,0.0,0.0,0.0,0.0,0.0,0.0,-20.0,0.0,0.0,-9.0,-20.0,-16.0,-15.0,-7.0,0.0,-12.0,-20.0,0.0,-10.0,0.0,0.0,0.0,-5.0,0.0,0.0,0.0,0.0,-19.0,0.0,0.0,0.0,11.91595184984846,-8.881784197001252e-16,-27.0,0.0,0.0
SA33018,-9.0,-13.0,0.0,0.0,-2.0,0.0,0.0,-2.0,-1.0,0.0,-2.0,-3.0,0.0,0.0,0.0,0.0,0.0,-2.0,0.0,0.0,0.0,0.0,0.0,0.0,-7.0,0.0,-20.0,-8.0,0.0,-9.0,-6.0,-10.0,-15.0,-7.0,0.0,-6.0,-20.0,-6.0,-7.0,0.0,0.0,0.0,-5.0,-11.0,0.0,0.0,-8.0,-14.0,0.0,-20.0,0.0,11.838630031622259,-8.881784197001252e-16,-27.0,0.0,0.0
SA33023,-10.0,-13.0,0.0,0.0,-2.0,0.0,0.0,-2.0,-1.0,0.0,-2.0,-3.0,0.0,0.0,0.0,0.0,0.0,-2.0,0.0,0.0,0.0,0.0,0.0,0.0,0.0,0.0,-20.0,0.0,0.0,-9.0,-14.0,-10.0,-15.0,-7.0,0.0,-6.0,-20.0,-12.0,-7.0,0.0,0.0,0.0,-5.0,0.0,0.0,-11.0,-8.0,-19.0,0.0,-15.0,0.0,11.856198754125023,-8.881784197001252e-16,-27.0,0.0,0.0
SA33044,-13.0,-13.0,0.0,0.0,-2.0,0.0,0.0,-2.0,-1.0,0.0,-2.0,-8.0,0.0,0.0,0.0,0.0,0.0,-2.0,0.0,-1.0,0.0,0.0,0.0,0.0,-10.0,0.0,-20.0,-8.0,0.0,-9.0,0.0,0.0,-15.0,-7.0,0.0,-6.0,-20.0,0.0,-10.0,0.0,0.0,0.0,-5.0,0.0,-20.0,0.0,0.0,-19.0,0.0,-20.0,0.0,11.899952546557847,-8.881784197001252e-16,-27.0,0.0,0.0
SA33046,-19.0,-20.0,0.0,0.0,0.0,-15.0,0.0,0.0,0.0,0.0,0.0,-10.0,-3.0,0.0,0.0,0.0,0.0,0.0,0.0,0.0,0.0,0.0,-10.0,0.0,0.0,0.0,-20.0,0.0,0.0,0.0,-20.0,0.0,-15.0,0.0,0.0,0.0,-20.0,-20.0,0.0,0.0,0.0,0.0,0.0,0.0,0.0,0.0,0.0,-20.0,0.0,0.0,0.0,12.72671368135767,0.0,0.0,0.0,0.0
SA33055,-15.0,-13.0,0.0,0.0,-2.0,0.0,0.0,-2.0,0.0,0.0,0.0,-8.0,0.0,0.0,0.0,0.0,0.0,-2.0,0.0,-1.0,0.0,0.0,-11.0,0.0,-10.0,0.0,-20.0,-8.0,0.0,-9.0,0.0,0.0,-15.0,0.0,0.0,0.0,-20.0,0.0,-10.0,0.0,0.0,0.0,-5.0,0.0,-20.0,0.0,0.0,-20.0,0.0,-20.0,0.0,11.957811356620864,0.0,-26.0,0.0,0.0
SA33088,-16.0,-13.0,0.0,0.0,-2.0,-14.0,0.0,-2.0,0.0,0.0,0.0,-10.0,0.0,0.0,0.0,0.0,0.0,-2.0,0.0,-1.0,0.0,0.0,-11.0,0.0,0.0,0.0,-20.0,0.0,0.0,-9.0,-20.0,0.0,-15.0,0.0,0.0,0.0,-20.0,0.0,-10.0,0.0,0.0,0.0,-5.0,0.0,-20.0,0.0,0.0,-20.0,0.0,0.0,0.0,11.975685368633616,0.0,-26.0,0.0,0.0
SA33115,-20.0,-20.0,0.0,0.0,0.0,-17.0,0.0,-2.0,0.0,0.0,0.0,-18.0,0.0,0.0,0.0,0.0,0.0,0.0,0.0,0.0,0.0,0.0,-17.0,0.0,0.0,0.0,-20.0,0.0,0.0,0.0,-20.0,0.0,-15.0,0.0,0.0,0.0,-20.0,0.0,0.0,0.0,0.0,0.0,0.0,0.0,0.0,0.0,0.0,-20.0,0.0,0.0,0.0,12.203756046054806,0.0,-21.0,0.0,0.0
SA33147,-13.0,-13.0,0.0,0.0,-2.0,0.0,0.0,-2.0,0.0,0.0,0.0,-3.0,0.0,0.0,0.0,0.0,0.0,-2.0,-2.0,0.0,0.0,0.0,-1.0,0.0,-10.0,0.0,-20.0,-8.0,0.0,-9.0,0.0,-16.0,-15.0,0.0,0.0,0.0,-20.0,0.0,-7.0,0.0,0.0,0.0,-5.0,-17.0,0.0,0.0,0.0,-19.0,-8.0,-20.0,0.0,11.905716302027379,-8.881784197001252e-16,-27.0,0.0,0.0
SA33159,-13.0,-13.0,0.0,0.0,-2.0,0.0,0.0,-2.0,0.0,0.0,0.0,-3.0,0.0,0.0,0.0,0.0,0.0,-2.0,-2.0,0.0,0.0,0.0,-1.0,0.0,-7.0,0.0,-20.0,0.0,0.0,-9.0,-14.0,-16.0,-15.0,0.0,0.0,0.0,-20.0,0.0,-7.0,0.0,0.0,0.0,-5.0,-17.0,0.0,0.0,0.0,-19.0,-8.0,-20.0,0.0,11.904897423004055,-8.881784197001252e-16,-27.0,0.0,0.0
SA33162,-13.0,-13.0,0.0,-1.0,-2.0,-14.0,0.0,-2.0,-1.0,0.0,-2.0,-10.0,0.0,0.0,0.0,0.0,0.0,-2.0,0.0,0.0,0.0,0.0,0.0,0.0,0.0,0.0,-20.0,0.0,-4.0,-9.0,-20.0,-16.0,-15.0,-7.0,0.0,-6.0,-20.0,0.0,-10.0,0.0,0.0,0.0,-5.0,0.0,0.0,0.0,0.0,-19.0,0.0,0.0,0.0,11.883827206912494,0.0,-28.0,0.0,0.0
SA33166,-12.0,-13.0,0.0,0.0,-2.0,0.0,0.0,-2.0,-1.0,0.0,-2.0,-8.0,0.0,0.0,0.0,0.0,0.0,-2.0,0.0,0.0,0.0,0.0,0.0,0.0,0.0,0.0,-20.0,0.0,0.0,-9.0,-14.0,-16.0,-15.0,-7.0,0.0,-12.0,-20.0,0.0,-10.0,0.0,0.0,0.0,-5.0,0.0,0.0,-11.0,0.0,-19.0,0.0,-15.0,0.0,11.889324840965463,-8.881784197001252e-16,-27.0,0.0,0.0
SA33177,-17.0,-20.0,0.0,0.0,-2.0,-14.0,0.0,-2.0,0.0,0.0,0.0,-10.0,0.0,0.0,0.0,0.0,0.0,-2.0,0.0,-1.0,0.0,0.0,-11.0,0.0,0.0,0.0,-20.0,0.0,0.0,-9.0,-20.0,0.0,-15.0,0.0,0.0,0.0,-20.0,0.0,0.0,0.0,0.0,0.0,-5.0,0.0,-20.0,0.0,0.0,-20.0,0.0,0.0,0.0,12.016916251042941,0.0,-26.0,0.0,0.0
SA33181,-17.0,-20.0,0.0,0.0,0.0,-14.0,0.0,-2.0,0.0,0.0,-2.0,-8.0,0.0,0.0,0.0,0.0,0.0,0.0,0.0,0.0,0.0,0.0,-4.0,0.0,0.0,0.0,-20.0,0.0,0.0,0.0,-20.0,-16.0,-15.0,0.0,0.0,-12.0,-20.0,0.0,-17.0,0.0,0.0,0.0,0.0,0.0,0.0,0.0,0.0,-20.0,0.0,0.0,0.0,12.056297157971972,8.881784197001252e-16,-22.0,0.0,0.0
SA33183,-9.0,-13.0,0.0,-1.0,-2.0,0.0,0.0,-2.0,-1.0,0.0,-2.0,-3.0,0.0,0.0,0.0,0.0,0.0,-2.0,0.0,0.0,0.0,0.0,0.0,0.0,-10.0,0.0,-20.0,-8.0,-4.0,-9.0,0.0,-10.0,-15.0,-7.0,0.0,-6.0,-20.0,-6.0,-7.0,0.0,0.0,0.0,-5.0,-6.0,0.0,0.0,0.0,-14.0,-8.0,-20.0,0.0,11.823048023641784,0.0,-28.0,0.0,0.0
SA33184,-11.0,-13.0,0.0,0.0,-2.0,0.0,0.0,-2.0,-1.0,0.0,-2.0,-3.0,0.0,0.0,0.0,0.0,0.0,-2.0,0.0,0.0,0.0,0.0,0.0,0.0,-10.0,0.0,-20.0,-8.0,0.0,-9.0,0.0,-10.0,-15.0,-7.0,0.0,-6.0,-20.0,-12.0,-7.0,0.0,0.0,0.0,-5.0,0.0,0.0,0.0,0.0,-19.0,-8.0,-20.0,0.0,11.864307469741714,-8.881784197001252e-16,-27.0,0.0,0.0
SA33185,-20.0,-20.0,0.0,0.0,0.0,-15.0,0.0,0.0,0.0,0.0,0.0,-10.0,-3.0,0.0,0.0,0.0,0.0,0.0,0.0,0.0,0.0,0.0,-20.0,0.0,0.0,0.0,-20.0,0.0,0.0,0.0,-20.0,0.0,0.0,0.0,0.0,0.0,-20.0,-20.0,0.0,0.0,0.0,0.0,0.0,0.0,0.0,0.0,0.0,-20.0,0.0,0.0,0.0,12.815809833291896,0.0,0.0,0.0,0.0
SA33190,-10.0,-13.0,0.0,-1.0,-2.0,0.0,0.0,-2.0,-1.0,0.0,-2.0,-8.0,0.0,0.0,0.0,0.0,0.0,-2.0,0.0,0.0,0.0,0.0,0.0,0.0,0.0,0.0,-20.0,0.0,-4.0,-9.0,-14.0,-10.0,-15.0,-7.0,0.0,-6.0,-20.0,-6.0,-10.0,0.0,0.0,0.0,-5.0,0.0,0.0,-11.0,0.0,-19.0,0.0,-15.0,0.0,11.837076814345915,0.0,-28.0,0.0,0.0
SA33191,-16.0,-13.0,0.0,0.0,-2.0,-14.0,0.0,-2.0,0.0,0.0,-2.0,-8.0,0.0,0.0,0.0,0.0,0.0,0.0,0.0,-1.0,0.0,0.0,-4.0,0.0,0.0,0.0,-20.0,0.0,0.0,-17.0,-20.0,0.0,-15.0,0.0,0.0,-6.0,-20.0,0.0,-10.0,0.0,0.0,0.0,0.0,0.0,-20.0,0.0,0.0,-20.0,0.0,0.0,0.0,11.99134484702409,8.881784197001252e-16,-24.0,0.0,0.0
SA33204,-9.0,-13.0,0.0,-1.0,-2.0,0.0,0.0,-2.0,-1.0,0.0,-2.0,-3.0,0.0,0.0,0.0,0.0,0.0,-2.0,0.0,0.0,0.0,0.0,0.0,0.0,0.0,0.0,-20.0,0.0,-4.0,-9.0,-14.0,-10.0,-15.0,-7.0,0.0,-6.0,-20.0,-6.0,-7.0,0.0,0.0,0.0,-5.0,0.0,0.0,-11.0,-8.0,-19.0,0.0,-15.0,0.0,11.82660614093185,0.0,-28.0,0.0,0.0
SA33211,-19.0,-20.0,0.0,0.0,0.0,-14.0,0.0,-2.0,0.0,0.0,0.0,-8.0,0.0,0.0,0.0,0.0,0.0,0.0,0.0,-1.0,0.0,0.0,-11.0,0.0,0.0,0.0,-20.0,0.0,0.0,0.0,-20.0,0.0,-15.0,0.0,0.0,0.0,-20.0,0.0,0.0,0.0,0.0,0.0,0.0,0.0,-20.0,0.0,0.0,-20.0,0.0,0.0,0.0,12.145971875953567,0.0,-21.0,0.0,0.0
SA33214,-13.0,-13.0,0.0,0.0,-2.0,0.0,0.0,-2.0,-1.0,0.0,-2.0,-8.0,0.0,0.0,0.0,0.0,0.0,-2.0,0.0,0.0,0.0,0.0,0.0,0.0,-7.0,0.0,-20.0,0.0,0.0,-9.0,-14.0,-16.0,-15.0,-7.0,0.0,-12.0,-20.0,0.0,-10.0,0.0,0.0,0.0,-5.0,0.0,0.0,0.0,0.0,-19.0,0.0,-20.0,0.0,11.89725934081738,-8.881784197001252e-16,-27.0,0.0,0.0
SA33220,-18.0,-20.0,0.0,0.0,0.0,-14.0,0.0,0.0,0.0,0.0,0.0,-10.0,0.0,0.0,0.0,0.0,0.0,0.0,0.0,0.0,0.0,0.0,-12.0,0.0,0.0,0.0,-20.0,0.0,0.0,-14.0,-20.0,-19.0,-15.0,0.0,0.0,0.0,-20.0,0.0,0.0,0.0,0.0,0.0,0.0,0.0,0.0,0.0,0.0,-20.0,0.0,0.0,0.0,12.947857218576978,0.0,0.0,0.0,0.0
SA33260,-13.0,-13.0,0.0,0.0,-2.0,0.0,0.0,-2.0,0.0,0.0,0.0,-8.0,0.0,0.0,0.0,0.0,0.0,-2.0,-2.0,0.0,0.0,0.0,-1.0,0.0,-7.0,0.0,-20.0,0.0,0.0,-9.0,-14.0,-10.0,-15.0,0.0,0.0,0.0,-20.0,-6.0,-10.0,0.0,0.0,0.0,-5.0,-17.0,0.0,0.0,0.0,-19.0,0.0,-20.0,0.0,11.895889639836406,-8.881784197001252e-16,-27.0,0.0,0.0
SA33261,-17.0,-20.0,0.0,0.0,0.0,0.0,0.0,-2.0,0.0,0.0,0.0,-6.0,0.0,0.0,0.0,0.0,0.0,0.0,-2.0,0.0,0.0,0.0,-1.0,0.0,-16.0,0.0,-20.0,0.0,0.0,0.0,0.0,-16.0,-15.0,0.0,0.0,0.0,-20.0,0.0,-17.0,0.0,0.0,0.0,0.0,-17.0,0.0,0.0,0.0,-19.0,0.0,-20.0,0.0,12.056887658770203,0.0,-22.0,0.0,0.0
SA33264,-12.0,-13.0,0.0,0.0,-2.0,0.0,0.0,-2.0,-1.0,0.0,-2.0,-8.0,0.0,0.0,0.0,0.0,0.0,-2.0,0.0,0.0,0.0,0.0,0.0,0.0,-10.0,0.0,-20.0,-8.0,0.0,-9.0,0.0,-10.0,-15.0,-7.0,0.0,-6.0,-20.0,-12.0,-10.0,0.0,0.0,0.0,-5.0,0.0,0.0,0.0,0.0,-19.0,0.0,-20.0,0.0,11.87542307025765,-8.881784197001252e-16,-27.0,0.0,0.0
SA33267,-13.0,-13.0,0.0,0.0,-2.0,0.0,0.0,-2.0,0.0,0.0,0.0,-8.0,0.0,0.0,0.0,0.0,0.0,-2.0,-2.0,0.0,0.0,0.0,-1.0,0.0,-10.0,0.0,-20.0,-8.0,0.0,-9.0,0.0,-10.0,-15.0,0.0,0.0,0.0,-20.0,-6.0,-10.0,0.0,0.0,0.0,-5.0,-17.0,0.0,0.0,0.0,-19.0,0.0,-20.0,0.0,11.89670851885973,-8.881784197001252e-16,-27.0,0.0,0.0
SA33280,-14.0,-13.0,0.0,0.0,-2.0,0.0,0.0,-2.0,-1.0,0.0,-2.0,-6.0,0.0,0.0,0.0,0.0,0.0,0.0,0.0,0.0,0.0,0.0,0.0,0.0,-10.0,0.0,-20.0,-8.0,0.0,-17.0,0.0,-16.0,-15.0,-7.0,0.0,-12.0,-20.0,0.0,-10.0,0.0,0.0,0.0,0.0,0.0,0.0,0.0,0.0,-19.0,0.0,-20.0,0.0,11.951405767667923,8.881784197001252e-16,-24.0,0.0,0.0
SA33288,-21.0,-20.0,0.0,0.0,0.0,0.0,0.0,0.0,0.0,0.0,0.0,-8.0,0.0,0.0,0.0,0.0,0.0,0.0,0.0,0.0,-20.0,0.0,-20.0,0.0,0.0,0.0,-20.0,0.0,0.0,0.0,0.0,0.0,0.0,0.0,0.0,0.0,-20.0,0.0,0.0,0.0,0.0,0.0,0.0,0.0,0.0,-20.0,0.0,-20.0,0.0,0.0,0.0,12.916070283554376,0.0,-1.0,0.0,0.0
SA33309,-21.0,-20.0,0.0,0.0,-2.0,0.0,0.0,0.0,0.0,0.0,0.0,0.0,0.0,0.0,0.0,0.0,0.0,0.0,0.0,0.0,0.0,0.0,-20.0,0.0,-20.0,0.0,-20.0,0.0,0.0,-17.0,0.0,0.0,0.0,0.0,0.0,0.0,0.0,0.0,0.0,0.0,0.0,0.0,0.0,0.0,0.0,0.0,0.0,-20.0,0.0,-20.0,0.0,12.405448191858559,-8.881784197001252e-16,-18.0,0.0,0.0
SA33312,-8.0,-13.0,0.0,-1.0,-2.0,0.0,0.0,-2.0,-1.0,0.0,-2.0,-3.0,0.0,0.0,0.0,0.0,0.0,-2.0,0.0,0.0,0.0,0.0,0.0,0.0,-1.0,0.0,-20.0,-8.0,-4.0,-9.0,0.0,-10.0,-15.0,-7.0,0.0,-6.0,-20.0,-6.0,-7.0,0.0,0.0,0.0,-5.0,-6.0,0.0,-11.0,0.0,-14.0,-8.0,-20.0,0.0,11.815113523789865,0.0,-28.0,0.0,0.0
SA33338,-12.0,-13.0,0.0,0.0,-2.0,0.0,0.0,-2.0,0.0,0.0,-2.0,-3.0,0.0,0.0,0.0,0.0,0.0,-2.0,0.0,0.0,0.0,0.0,-4.0,0.0,-7.0,0.0,-20.0,0.0,0.0,-9.0,-14.0,-10.0,-15.0,0.0,0.0,-6.0,-20.0,-12.0,-7.0,0.0,0.0,0.0,-5.0,0.0,0.0,0.0,-8.0,-20.0,0.0,-20.0,0.0,11.884324468201116,-8.881784197001252e-16,-27.0,0.0,0.0
SA33344,-14.0,-13.0,0.0,0.0,-2.0,0.0,0.0,-2.0,0.0,0.0,-2.0,-8.0,0.0,0.0,0.0,0.0,0.0,-2.0,0.0,-1.0,0.0,0.0,-4.0,0.0,-10.0,0.0,-20.0,-8.0,0.0,-9.0,0.0,0.0,-15.0,0.0,0.0,-6.0,-20.0,0.0,-10.0,0.0,0.0,0.0,-5.0,0.0,-20.0,0.0,0.0,-20.0,0.0,-20.0,0.0,11.920143760782022,-8.881784197001252e-16,-27.0,0.0,0.0
SA33346,-9.0,-13.0,0.0,0.0,-2.0,0.0,0.0,-2.0,-1.0,0.0,-2.0,-3.0,0.0,0.0,0.0,0.0,0.0,-2.0,0.0,0.0,0.0,0.0,0.0,0.0,0.0,0.0,-20.0,0.0,0.0,-9.0,-14.0,-10.0,-15.0,-7.0,0.0,-6.0,-20.0,-6.0,-7.0,0.0,0.0,0.0,-5.0,-11.0,0.0,-11.0,0.0,-14.0,-8.0,-15.0,0.0,11.84114250228499,-8.881784197001252e-16,-27.0,0.0,0.0
SA33350,-14.0,-13.0,0.0,0.0,-2.0,0.0,0.0,-2.0,-1.0,0.0,-2.0,-6.0,0.0,0.0,0.0,0.0,0.0,0.0,0.0,-1.0,0.0,0.0,0.0,0.0,-10.0,0.0,-20.0,-8.0,0.0,-17.0,0.0,0.0,-15.0,-7.0,0.0,-6.0,-20.0,0.0,-10.0,0.0,0.0,0.0,0.0,0.0,-20.0,0.0,0.0,-19.0,0.0,-20.0,0.0,11.95327962078716,8.881784197001252e-16,-24.0,0.0,0.0
SA33355,-15.0,-13.0,0.0,0.0,-2.0,-14.0,0.0,-2.0,0.0,0.0,0.0,-10.0,0.0,0.0,0.0,0.0,0.0,-2.0,-2.0,0.0,0.0,0.0,-1.0,0.0,0.0,0.0,-20.0,0.0,0.0,-9.0,-20.0,-16.0,-15.0,0.0,0.0,0.0,-20.0,0.0,-10.0,0.0,0.0,0.0,-5.0,-17.0,0.0,0.0,0.0,-19.0,0.0,0.0,0.0,11.93470553255107,-8.881784197001252e-16,-27.0,0.0,0.0
SA33368,-12.0,-13.0,0.0,-1.0,-2.0,0.0,0.0,-2.0,-1.0,0.0,-2.0,-8.0,0.0,0.0,0.0,0.0,0.0,-2.0,0.0,0.0,0.0,0.0,0.0,0.0,-7.0,0.0,-20.0,0.0,-4.0,-9.0,-14.0,-16.0,-15.0,-7.0,0.0,-6.0,-20.0,0.0,-10.0,0.0,0.0,0.0,-5.0,0.0,0.0,0.0,0.0,-19.0,0.0,-20.0,0.0,11.865134697881414,0.0,-28.0,0.0,0.0
SA33370,-20.0,-20.0,0.0,0.0,0.0,0.0,0.0,-2.0,0.0,0.0,0.0,0.0,0.0,0.0,0.0,0.0,0.0,0.0,0.0,0.0,0.0,0.0,-11.0,0.0,-20.0,0.0,-20.0,0.0,0.0,0.0,0.0,-20.0,-15.0,0.0,0.0,0.0,0.0,0.0,0.0,0.0,0.0,0.0,0.0,0.0,0.0,0.0,0.0,-20.0,0.0,-20.0,0.0,12.317871629477448,0.015260499969986796,-18.0,0.0,0.0
SA33388,-16.0,-13.0,0.0,0.0,-2.0,-14.0,0.0,-2.0,0.0,0.0,-2.0,-8.0,0.0,0.0,0.0,0.0,0.0,0.0,0.0,0.0,0.0,0.0,-4.0,0.0,0.0,0.0,-20.0,0.0,0.0,-17.0,-20.0,-16.0,-15.0,0.0,0.0,-12.0,-20.0,0.0,-10.0,0.0,0.0,0.0,0.0,0.0,0.0,0.0,0.0,-20.0,0.0,0.0,0.0,11.989470138301947,8.881784197001252e-16,-24.0,0.0,0.0
SA33389,-14.0,-13.0,0.0,0.0,-2.0,0.0,0.0,-2.0,0.0,0.0,0.0,-8.0,0.0,0.0,0.0,0.0,0.0,-2.0,-2.0,0.0,0.0,0.0,-1.0,0.0,-10.0,0.0,-20.0,-8.0,0.0,-9.0,0.0,-16.0,-15.0,0.0,0.0,0.0,-20.0,0.0,-10.0,0.0,0.0,0.0,-5.0,-17.0,0.0,0.0,0.0,-19.0,0.0,-20.0,0.0,11.916831902543313,-8.881784197001252e-16,-27.0,0.0,0.0
SA33391,-7.0,-13.0,0.0,-1.0,-2.0,0.0,0.0,-2.0,-1.0,0.0,-2.0,-3.0,0.0,0.0,0.0,0.0,0.0,-2.0,0.0,0.0,0.0,0.0,0.0,0.0,0.0,0.0,-20.0,-8.0,-4.0,-9.0,-6.0,-10.0,-15.0,-7.0,0.0,-6.0,-20.0,-6.0,-7.0,-6.0,0.0,0.0,-5.0,0.0,0.0,-11.0,0.0,-19.0,-8.0,-9.0,0.0,11.804094495718465,0.0,-28.0,0.0,0.0
SA33395,-8.0,-13.0,0.0,0.0,-2.0,0.0,0.0,-2.0,-1.0,0.0,-2.0,-3.0,0.0,0.0,0.0,0.0,0.0,-2.0,0.0,0.0,0.0,0.0,0.0,0.0,0.0,0.0,-20.0,-8.0,0.0,-9.0,-6.0,-10.0,-15.0,-7.0,0.0,-6.0,-20.0,-6.0,-7.0,0.0,0.0,0.0,-5.0,-11.0,0.0,-11.0,0.0,-14.0,-8.0,-15.0,0.0,11.830050604668472,-8.881784197001252e-16,-27.0,0.0,0.0
SA33398,-16.0,-13.0,0.0,0.0,-2.0,-14.0,0.0,-2.0,-1.0,0.0,0.0,-8.0,0.0,0.0,0.0,0.0,0.0,0.0,0.0,-1.0,0.0,0.0,-6.0,0.0,0.0,0.0,-20.0,0.0,0.0,-17.0,-20.0,0.0,-15.0,-7.0,0.0,0.0,-20.0,0.0,-10.0,0.0,0.0,0.0,0.0,0.0,-20.0,0.0,0.0,-20.0,0.0,0.0,0.0,12.008821228638755,0.0,-23.0,0.0,0.0
SA33403,-10.0,-13.0,0.0,-1.0,-2.0,0.0,0.0,-2.0,-1.0,0.0,-2.0,-3.0,0.0,0.0,0.0,0.0,0.0,-2.0,0.0,0.0,0.0,0.0,0.0,0.0,-7.0,0.0,-20.0,0.0,-4.0,-9.0,-14.0,-10.0,-15.0,-7.0,0.0,-6.0,-20.0,-6.0,-7.0,0.0,0.0,0.0,-5.0,0.0,0.0,0.0,0.0,-19.0,-8.0,-20.0,0.0,11.833895713681898,0.0,-28.0,0.0,0.0
SA33409,-12.0,-13.0,0.0,0.0,-2.0,0.0,0.0,-2.0,0.0,0.0,0.0,-3.0,0.0,0.0,0.0,0.0,0.0,-2.0,-2.0,0.0,0.0,0.0,-1.0,0.0,-10.0,0.0,-20.0,-8.0,0.0,-9.0,0.0,-10.0,-15.0,0.0,0.0,0.0,-20.0,-6.0,-7.0,0.0,0.0,0.0,-5.0,-17.0,0.0,0.0,-8.0,-19.0,0.0,-20.0,0.0,11.886237845445667,-8.881784197001252e-16,-27.0,0.0,0.0
SA33410,-10.0,-13.0,0.0,-1.0,-2.0,0.0,0.0,-2.0,-1.0,0.0,-2.0,-3.0,0.0,0.0,0.0,0.0,0.0,-2.0,0.0,0.0,0.0,0.0,0.0,0.0,-10.0,0.0,-20.0,-8.0,-4.0,-9.0,0.0,-10.0,-15.0,-7.0,0.0,-6.0,-20.0,-6.0,-7.0,0.0,0.0,0.0,-5.0,0.0,0.0,0.0,-8.0,-19.0,0.0,-20.0,0.0,11.835357992281498,0.0,-28.0,0.0,0.0
SA33411,-13.0,-13.0,0.0,-1.0,-2.0,0.0,0.0,-2.0,-1.0,0.0,-2.0,-6.0,0.0,0.0,0.0,0.0,0.0,0.0,0.0,0.0,0.0,0.0,0.0,0.0,-7.0,0.0,-20.0,0.0,-4.0,-17.0,-14.0,-16.0,-15.0,-7.0,0.0,-6.0,-20.0,0.0,-10.0,0.0,0.0,0.0,0.0,0.0,0.0,0.0,0.0,-19.0,0.0,-20.0,0.0,11.918461772110728,8.881784197001252e-16,-25.0,0.0,0.0
SA33423,-15.0,-13.0,0.0,0.0,-2.0,-14.0,0.0,-2.0,-1.0,0.0,-2.0,-8.0,0.0,0.0,0.0,0.0,0.0,0.0,0.0,0.0,0.0,0.0,0.0,0.0,0.0,0.0,-20.0,0.0,0.0,-17.0,-20.0,-16.0,-15.0,-7.0,0.0,-12.0,-20.0,0.0,-10.0,0.0,0.0,0.0,0.0,0.0,0.0,0.0,0.0,-19.0,0.0,0.0,0.0,11.969278924077772,8.881784197001252e-16,-24.0,0.0,0.0
SA33424,-3.0,-13.0,0.0,-1.0,-2.0,0.0,0.0,-2.0,-1.0,0.0,-2.0,-2.0,0.0,0.0,0.0,0.0,0.0,-2.0,0.0,0.0,0.0,0.0,0.0,0.0,0.0,0.0,-20.0,-8.0,-4.0,-9.0,-6.0,-7.0,-15.0,-7.0,0.0,-6.0,-20.0,-6.0,-5.0,-6.0,-3.0,0.0,-5.0,-6.0,-3.0,-11.0,0.0,-14.0,-8.0,-9.0,-2.0,11.769505187360496,0.0,-28.0,0.0,0.0
SA33426,-10.0,-13.0,0.0,0.0,-2.0,0.0,0.0,-2.0,-1.0,0.0,-2.0,-3.0,0.0,0.0,0.0,0.0,0.0,-2.0,0.0,0.0,0.0,0.0,0.0,0.0,-1.0,0.0,-20.0,-8.0,0.0,-9.0,0.0,-10.0,-15.0,-7.0,0.0,-6.0,-20.0,-12.0,-7.0,0.0,0.0,0.0,-5.0,0.0,0.0,-11.0,-8.0,-19.0,0.0,-20.0,0.0,11.857017896991666,-8.881784197001252e-16,-27.0,0.0,0.0
SA33427,-5.0,-13.0,0.0,-1.0,-2.0,0.0,0.0,-2.0,-1.0,0.0,-2.0,-2.0,0.0,0.0,0.0,0.0,0.0,-2.0,0.0,0.0,0.0,0.0,0.0,0.0,0.0,0.0,-20.0,-8.0,-4.0,-9.0,-6.0,-10.0,-15.0,-7.0,0.0,-6.0,-20.0,-6.0,-7.0,-6.0,-3.0,0.0,-5.0,-6.0,0.0,-11.0,-8.0,-14.0,0.0,-9.0,0.0,11.782513265321445,0.0,-28.0,0.0,0.0
SA33433,-17.0,-13.0,0.0,0.0,-2.0,-14.0,0.0,-2.0,0.0,0.0,0.0,-8.0,0.0,0.0,0.0,0.0,0.0,0.0,0.0,-1.0,0.0,0.0,-11.0,0.0,0.0,0.0,-20.0,0.0,0.0,-17.0,-20.0,0.0,-15.0,0.0,0.0,0.0,-20.0,0.0,-10.0,0.0,0.0,0.0,0.0,0.0,-20.0,0.0,0.0,-20.0,0.0,0.0,0.0,12.029012442862932,-8.881784197001252e-16,-23.0,0.0,0.0
SA33434,-19.0,-20.0,0.0,0.0,0.0,-14.0,0.0,0.0,0.0,0.0,0.0,-8.0,0.0,0.0,0.0,0.0,0.0,0.0,0.0,-1.0,0.0,0.0,-20.0,0.0,0.0,0.0,-20.0,0.0,0.0,0.0,-20.0,0.0,0.0,0.0,0.0,0.0,-20.0,0.0,-17.0,0.0,0.0,0.0,0.0,0.0,-20.0,0.0,0.0,-20.0,0.0,0.0,0.0,12.194974283750238,0.0,-19.0,0.0,0.0
SA33435,-6.0,-13.0,0.0,-1.0,-2.0,0.0,0.0,-2.0,-1.0,0.0,-2.0,-3.0,0.0,0.0,0.0,0.0,0.0,-2.0,0.0,0.0,0.0,0.0,0.0,0.0,0.0,0.0,-20.0,-8.0,-4.0,-9.0,-6.0,-10.0,-15.0,-7.0,0.0,-6.0,-20.0,-6.0,-7.0,-6.0,0.0,0.0,-5.0,-6.0,0.0,-11.0,-8.0,-14.0,0.0,-9.0,0.0,11.793074381282489,0.0,-28.0,0.0,0.0
SA33436,-14.0,-13.0,0.0,-1.0,-2.0,-14.0,0.0,-2.0,-1.0,0.0,-2.0,-8.0,0.0,0.0,0.0,0.0,0.0,0.0,0.0,0.0,0.0,0.0,0.0,0.0,0.0,0.0,-20.0,0.0,-4.0,-17.0,-20.0,-16.0,-15.0,-7.0,0.0,-6.0,-20.0,0.0,-10.0,0.0,0.0,0.0,0.0,0.0,0.0,0.0,0.0,-19.0,0.0,0.0,0.0,11.937154281141806,8.881784197001252e-16,-25.0,0.0,0.0
SA33437,-15.0,-13.0,0.0,0.0,-2.0,-14.0,0.0,-2.0,-1.0,0.0,0.0,-10.0,0.0,0.0,0.0,0.0,0.0,-2.0,0.0,-1.0,0.0,0.0,-6.0,0.0,0.0,0.0,-20.0,0.0,0.0,-9.0,-20.0,0.0,-15.0,-7.0,0.0,0.0,-20.0,0.0,-10.0,0.0,0.0,0.0,-5.0,0.0,-20.0,0.0,0.0,-20.0,0.0,0.0,0.0,11.955494154409442,-8.881784197001252e-16,-26.0,0.0,0.0
SA33438,-15.0,-13.0,0.0,0.0,-2.0,0.0,0.0,-2.0,-1.0,0.0,0.0,-6.0,0.0,0.0,0.0,0.0,0.0,0.0,0.0,-1.0,0.0,0.0,-6.0,0.0,-10.0,0.0,-20.0,-8.0,0.0,-17.0,0.0,0.0,-15.0,-7.0,0.0,0.0,-20.0,0.0,-10.0,0.0,0.0,0.0,0.0,0.0,-20.0,0.0,0.0,-20.0,0.0,-20.0,0.0,11.990947216626,0.0,-23.0,0.0,0.0
SA33448,-5.0,-13.0,0.0,0.0,-2.0,0.0,0.0,-2.0,-1.0,0.0,-2.0,-2.0,0.0,0.0,0.0,0.0,0.0,-2.0,0.0,0.0,0.0,0.0,0.0,0.0,0.0,0.0,-20.0,-8.0,0.0,-9.0,-6.0,-10.0,-15.0,-7.0,0.0,-6.0,-20.0,-6.0,-5.0,-6.0,-3.0,0.0,-5.0,-11.0,0.0,-11.0,-8.0,-14.0,0.0,-9.0,-2.0,11.799943192423484,-8.881784197001252e-16,-27.0,0.0,0.0
SA33454,-19.0,-20.0,0.0,0.0,-2.0,0.0,0.0,-2.0,0.0,0.0,0.0,-15.0,0.0,0.0,0.0,0.0,0.0,0.0,0.0,0.0,0.0,0.0,-17.0,0.0,-19.0,0.0,-20.0,0.0,0.0,-17.0,0.0,0.0,-15.0,0.0,0.0,0.0,-20.0,0.0,0.0,0.0,0.0,0.0,0.0,0.0,0.0,0.0,0.0,-20.0,0.0,-20.0,0.0,12.128845522964898,-8.881784197001252e-16,-23.0,0.0,0.0
SA33462,-18.0,-20.0,0.0,0.0,0.0,-15.0,0.0,0.0,0.0,0.0,0.0,-10.0,0.0,0.0,0.0,0.0,0.0,0.0,0.0,0.0,0.0,0.0,-11.0,0.0,0.0,0.0,-20.0,0.0,0.0,-14.0,-20.0,-19.0,-15.0,0.0,0.0,0.0,-20.0,0.0,0.0,0.0,0.0,0.0,0.0,0.0,0.0,0.0,0.0,-20.0,0.0,0.0,0.0,12.659282964945278,0.0,0.0,0.0,0.0
SA33476,-18.0,-20.0,0.0,0.0,-2.0,-14.0,0.0,-2.0,0.0,0.0,0.0,-8.0,0.0,0.0,0.0,0.0,0.0,0.0,0.0,-1.0,0.0,0.0,-11.0,0.0,0.0,0.0,-20.0,0.0,0.0,-17.0,-20.0,0.0,-15.0,0.0,0.0,0.0,-20.0,0.0,0.0,0.0,0.0,0.0,0.0,0.0,-20.0,0.0,0.0,-20.0,0.0,0.0,0.0,12.070243325272253,-8.881784197001252e-16,-23.0,0.0,0.0
SA33485,-10.0,-13.0,0.0,-1.0,-2.0,0.0,0.0,-2.0,-1.0,0.0,-2.0,-3.0,0.0,0.0,0.0,0.0,0.0,-2.0,0.0,0.0,0.0,0.0,0.0,0.0,-10.0,0.0,-20.0,-8.0,-4.0,-9.0,0.0,-10.0,-15.0,-7.0,0.0,-6.0,-20.0,-6.0,-7.0,0.0,0.0,0.0,-5.0,0.0,0.0,0.0,0.0,-19.0,-8.0,-20.0,0.0,11.83471306517963,0.0,-28.0,0.0,0.0
SA33486,-21.0,-20.0,0.0,0.0,0.0,0.0,0.0,0.0,0.0,0.0,0.0,0.0,-3.0,0.0,0.0,0.0,-20.0,0.0,0.0,0.0,0.0,0.0,-20.0,0.0,0.0,0.0,-20.0,0.0,0.0,0.0,0.0,0.0,0.0,0.0,0.0,0.0,0.0,-20.0,0.0,0.0,0.0,-20.0,0.0,0.0,0.0,0.0,0.0,-20.0,0.0,0.0,0.0,12.479118229920779,1.7763568394002505e-15,-14.0,0.0,0.0
SA33491,-18.0,-20.0,0.0,0.0,0.0,-14.0,0.0,-2.0,-1.0,0.0,0.0,-8.0,0.0,0.0,0.0,0.0,0.0,0.0,0.0,-1.0,0.0,0.0,-6.0,0.0,0.0,0.0,-20.0,0.0,0.0,0.0,-20.0,0.0,-15.0,-7.0,0.0,0.0,-20.0,0.0,0.0,0.0,0.0,0.0,0.0,0.0,-20.0,0.0,0.0,-20.0,0.0,0.0,0.0,12.12578066172939,-8.881784197001252e-16,-21.0,0.0,0.0
SA33494,-9.0,-13.0,0.0,-1.0,-2.0,0.0,0.0,-2.0,-1.0,0.0,-2.0,-3.0,0.0,0.0,0.0,0.0,0.0,-2.0,0.0,0.0,0.0,0.0,0.0,0.0,0.0,0.0,-20.0,0.0,-4.0,-9.0,-14.0,-10.0,-15.0,-7.0,0.0,-6.0,-20.0,-6.0,-7.0,0.0,0.0,0.0,-5.0,0.0,0.0,-11.0,0.0,-19.0,-8.0,-15.0,0.0,11.825961213829977,0.0,-28.0,0.0,0.0
SA33495,-11.0,-13.0,0.0,-1.0,-2.0,0.0,0.0,-2.0,-1.0,0.0,-2.0,-3.0,0.0,0.0,0.0,0.0,0.0,-2.0,0.0,0.0,0.0,0.0,0.0,0.0,-10.0,0.0,-20.0,-8.0,-4.0,-9.0,0.0,-16.0,-15.0,-7.0,0.0,-6.0,-20.0,0.0,-7.0,0.0,0.0,0.0,-5.0,0.0,0.0,0.0,0.0,-19.0,-8.0,-20.0,0.0,11.854836448863214,0.0,-28.0,0.0,0.0
SA33518,-19.0,-20.0,0.0,0.0,-2.0,-17.0,0.0,-2.0,0.0,0.0,0.0,-18.0,0.0,0.0,0.0,0.0,0.0,0.0,0.0,0.0,0.0,0.0,-17.0,0.0,0.0,0.0,-20.0,0.0,0.0,-17.0,-20.0,0.0,-15.0,0.0,0.0,0.0,-20.0,0.0,0.0,0.0,0.0,0.0,0.0,0.0,0.0,0.0,0.0,-20.0,0.0,0.0,0.0,12.126893329811884,-8.881784197001252e-16,-23.0,0.0,0.0
SA33519,-13.0,-13.0,0.0,-1.0,-2.0,0.0,0.0,-2.0,-1.0,0.0,-2.0,-6.0,0.0,0.0,0.0,0.0,0.0,0.0,0.0,0.0,0.0,0.0,0.0,0.0,-10.0,0.0,-20.0,-8.0,-4.0,-17.0,0.0,-16.0,-15.0,-7.0,0.0,-6.0,-20.0,0.0,-10.0,0.0,0.0,0.0,0.0,0.0,0.0,0.0,0.0,-19.0,0.0,-20.0,0.0,11.91927912360846,8.881784197001252e-16,-25.0,0.0,0.0
SA33545,-20.0,-20.0,0.0,0.0,0.0,-16.0,0.0,0.0,0.0,0.0,0.0,-20.0,0.0,0.0,0.0,0.0,0.0,0.0,0.0,0.0,0.0,0.0,-16.0,0.0,0.0,0.0,-20.0,0.0,0.0,0.0,-20.0,0.0,-15.0,0.0,0.0,0.0,-20.0,0.0,0.0,0.0,0.0,0.0,0.0,0.0,0.0,0.0,0.0,-20.0,0.0,0.0,0.0,13.082732022197112,0.0,-1.0,0.0,0.0
SA33548,-22.0,-20.0,0.0,0.0,0.0,0.0,0.0,0.0,0.0,0.0,0.0,0.0,0.0,0.0,0.0,0.0,0.0,0.0,0.0,-20.0,0.0,0.0,0.0,0.0,-20.0,0.0,-20.0,0.0,0.0,0.0,0.0,0.0,0.0,0.0,0.0,0.0,0.0,0.0,0.0,0.0,0.0,0.0,0.0,0.0,-20.0,0.0,0.0,0.0,0.0,-20.0,0.0,12.740703361630827,3.552713678800501e-15,-14.0,0.0,0.0
SA33549,-5.0,-13.0,0.0,-1.0,-2.0,0.0,0.0,-2.0,-1.0,0.0,-2.0,-3.0,0.0,0.0,0.0,0.0,0.0,-2.0,0.0,0.0,0.0,0.0,0.0,0.0,0.0,0.0,-20.0,-8.0,-4.0,-9.0,-6.0,-10.0,-15.0,-7.0,0.0,-6.0,-20.0,-6.0,-5.0,-6.0,0.0,0.0,-5.0,-6.0,0.0,-11.0,-8.0,-14.0,0.0,-9.0,-2.0,11.78365645086608,0.0,-28.0,0.0,0.0
SA33569,-15.0,-13.0,0.0,0.0,-2.0,0.0,0.0,-2.0,0.0,0.0,0.0,-6.0,0.0,0.0,0.0,0.0,0.0,0.0,-2.0,0.0,0.0,0.0,-1.0,0.0,-7.0,0.0,-20.0,0.0,0.0,-17.0,-14.0,-16.0,-15.0,0.0,0.0,0.0,-20.0,0.0,-10.0,0.0,0.0,0.0,0.0,-17.0,0.0,0.0,0.0,-19.0,0.0,-20.0,0.0,11.969340097749303,1.7763568394002505e-15,-24.0,0.0,0.0
SA33570,-21.0,-20.0,0.0,0.0,0.0,0.0,0.0,0.0,0.0,0.0,0.0,0.0,0.0,0.0,0.0,0.0,0.0,0.0,0.0,0.0,0.0,0.0,-20.0,0.0,-20.0,0.0,-20.0,0.0,0.0,0.0,0.0,0.0,0.0,0.0,0.0,0.0,0.0,0.0,-19.0,0.0,0.0,0.0,0.0,0.0,0.0,0.0,0.0,-20.0,0.0,-20.0,0.0,12.954932923511471,0.0,0.0,0.0,0.0
SA33572,-21.0,-20.0,0.0,0.0,0.0,-17.0,0.0,0.0,0.0,0.0,0.0,-20.0,0.0,0.0,0.0,0.0,0.0,0.0,0.0,0.0,0.0,0.0,-20.0,0.0,0.0,0.0,-20.0,0.0,0.0,0.0,-20.0,0.0,0.0,0.0,0.0,0.0,-20.0,0.0,0.0,0.0,0.0,0.0,0.0,0.0,0.0,0.0,0.0,-20.0,0.0,0.0,0.0,12.88010482831161,0.0,-1.0,0.0,0.0
SA33574,-13.0,-13.0,0.0,0.0,-2.0,0.0,0.0,-2.0,0.0,0.0,0.0,-3.0,0.0,0.0,0.0,0.0,0.0,-2.0,-2.0,0.0,0.0,0.0,-1.0,0.0,-7.0,0.0,-20.0,0.0,0.0,-9.0,-14.0,-16.0,-15.0,0.0,0.0,0.0,-20.0,0.0,-7.0,0.0,0.0,0.0,-5.0,-17.0,0.0,0.0,-8.0,-19.0,0.0,-20.0,0.0,11.905542350105925,-8.881784197001252e-16,-27.0,0.0,0.0
SA33575,-12.0,-13.0,0.0,0.0,-2.0,0.0,0.0,-2.0,0.0,0.0,0.0,-3.0,0.0,0.0,0.0,0.0,0.0,-2.0,-2.0,0.0,0.0,0.0,-1.0,0.0,-7.0,0.0,-20.0,0.0,0.0,-9.0,-14.0,-10.0,-15.0,0.0,0.0,0.0,-20.0,-6.0,-7.0,0.0,0.0,0.0,-5.0,-17.0,0.0,0.0,0.0,-19.0,-8.0,-20.0,0.0,11.884774039320472,-8.881784197001252e-16,-27.0,0.0,0.0
SA33576,-15.0,-13.0,0.0,0.0,-2.0,-14.0,0.0,-2.0,0.0,0.0,-2.0,-10.0,0.0,0.0,0.0,0.0,0.0,-2.0,0.0,-1.0,0.0,0.0,-4.0,0.0,0.0,0.0,-20.0,0.0,0.0,-9.0,-20.0,0.0,-15.0,0.0,0.0,-6.0,-20.0,0.0,-10.0,0.0,0.0,0.0,-5.0,0.0,-20.0,0.0,0.0,-20.0,0.0,0.0,0.0,11.93801777279478,-8.881784197001252e-16,-27.0,0.0,0.0
SA33585,-18.0,-20.0,0.0,0.0,0.0,-14.0,0.0,-2.0,0.0,0.0,0.0,-8.0,0.0,0.0,0.0,0.0,0.0,0.0,0.0,-1.0,0.0,0.0,-11.0,0.0,0.0,0.0,-20.0,0.0,0.0,0.0,-20.0,0.0,-15.0,0.0,0.0,0.0,-20.0,0.0,-17.0,0.0,0.0,0.0,0.0,0.0,-20.0,0.0,0.0,-20.0,0.0,0.0,0.0,12.095006823874984,0.0,-21.0,0.0,0.0
