,0,1,2,3,4,5,6,7,8,9,10,11,12,13,14,15,16,17,18,19,20,21,22,23,24,25,26,27
SA21436,1,1,1,1,1,1,1,1,0,1,1,1,1,0,0,0,1,0,0,0,1,1,0,1,0,4,2,0
SA26859,1,0,0,1,1,1,1,1,0,1,1,1,1,0,0,0,1,0,0,1,0,1,1,1,0,4,2,0
SA27483,1,1,0,1,0,1,1,1,0,1,1,1,1,0,0,0,1,0,0,1,0,1,1,1,0,4,2,0
SA28360,1,1,0,1,0,0,1,0,0,1,1,0,1,0,0,0,0,0,1,0,0,1,0,1,0,4,2,0
SA28468,1,1,1,1,1,1,1,1,0,1,1,1,1,0,0,0,1,0,0,1,1,1,0,1,0,4,2,0
SA28477,1,0,0,0,0,0,0,0,0,0,0,1,0,0,0,0,0,0,0,0,0,1,0,1,0,4,2,2
SA28536,1,0,0,1,1,0,1,1,0,0,1,0,1,0,0,0,1,0,1,0,0,1,0,1,0,4,2,2
SA29423,1,1,1,1,1,1,1,1,0,1,1,1,1,1,1,0,1,1,1,1,1,1,0,1,1,4,2,0
SA29533,1,1,1,1,0,1,1,1,0,1,1,1,1,0,0,0,1,0,0,0,0,1,0,1,0,4,2,0
SA29698,1,0,1,1,1,1,1,1,0,1,1,0,1,0,0,0,1,0,0,0,1,1,0,1,0,4,2,0
SA29888,1,1,0,1,0,1,1,0,0,1,1,1,1,0,0,0,1,0,0,0,0,1,0,1,0,4,2,0
SA29911,1,0,0,0,1,0,1,0,0,1,1,0,1,0,0,0,0,0,1,0,0,1,0,0,0,4,2,2
SA30223,1,0,0,1,1,1,1,0,0,0,1,1,1,0,0,0,1,0,0,0,0,1,0,1,0,4,2,0
SA30225,1,1,0,1,0,1,1,1,0,1,1,1,1,0,0,0,1,1,0,1,1,1,0,1,0,4,2,0
SA30397,1,1,1,1,0,1,1,1,0,1,1,1,1,0,0,0,1,1,0,0,1,1,0,1,0,4,2,0
SA30611,1,0,0,1,1,1,1,0,0,0,1,0,1,0,0,0,1,1,0,0,0,1,0,1,0,4,2,0
SA30729,1,0,0,1,1,1,1,1,0,1,1,1,1,0,0,0,1,0,0,1,0,1,0,1,0,4,2,0
SA30760,1,1,0,1,1,1,1,1,0,1,1,1,1,1,0,0,1,1,0,1,0,1,1,1,0,4,2,0
SA30770,1,1,1,1,1,1,1,1,0,1,1,1,1,1,1,0,1,1,0,1,1,1,0,1,1,4,2,0
SA30947,1,1,1,1,1,1,1,1,0,1,1,1,1,1,0,0,1,1,0,1,0,1,1,1,0,4,2,0
SA30949,1,0,0,1,1,0,1,0,0,0,1,0,0,0,0,0,0,0,1,0,0,1,0,0,0,3,2,0
SA30969,1,0,0,1,1,1,1,0,0,1,1,0,1,0,0,0,1,0,0,0,0,1,0,0,0,4,2,0
SA31074,1,0,0,0,0,0,0,0,0,0,0,0,0,0,0,0,0,0,1,0,0,1,0,1,0,4,2,2
SA31075,1,0,0,1,1,0,1,0,0,0,1,0,1,0,0,0,0,0,1,0,0,1,0,1,0,4,2,2
SA31151,1,0,0,1,1,0,0,0,0,0,1,0,0,0,0,0,0,0,0,0,0,1,0,0,0,3,2,0
SA31162,1,0,0,1,1,1,1,0,0,1,1,0,1,0,0,0,1,0,0,0,0,1,0,1,0,4,2,0
SA31280,1,0,0,0,1,0,1,1,0,0,1,0,1,0,0,0,0,0,1,0,0,1,0,0,0,4,2,1
SA31372,1,1,1,1,0,1,1,1,0,1,1,1,1,0,0,0,1,0,0,1,0,1,1,1,0,4,2,0
SA31411,1,1,1,1,0,1,1,1,0,1,1,1,1,0,0,0,1,1,0,1,1,1,0,1,0,4,2,0
SA31427,1,1,1,1,0,1,1,1,0,1,1,0,1,0,0,0,1,0,0,0,0,1,0,1,0,4,2,0
SA31612,1,0,0,1,1,0,1,1,0,1,1,0,1,0,0,0,0,0,1,0,0,1,0,0,0,4,2,2
SA31781,1,1,1,1,1,1,1,1,0,1,1,1,1,0,0,0,1,1,0,1,0,1,1,1,0,4,2,0
SA31783,1,0,0,1,1,1,1,0,0,1,1,0,1,0,0,0,0,0,0,0,0,1,0,1,0,4,2,0
SA31890,1,0,0,1,1,1,1,0,0,1,1,1,1,0,0,0,1,0,0,0,0,1,1,1,0,4,2,2
SA31909,1,1,0,1,0,0,1,1,0,0,1,0,1,0,0,0,1,0,1,0,0,1,0,1,0,4,2,0
SA31948,1,1,0,1,1,1,1,1,0,1,1,1,1,1,1,0,1,1,0,1,1,1,0,1,0,4,2,0
SA31961,1,0,0,1,1,1,1,1,0,1,1,1,1,0,0,0,1,0,0,0,1,1,0,1,0,4,2,0
SA31994,1,0,1,1,1,1,1,1,0,1,1,1,1,0,0,0,1,0,0,0,0,1,0,1,0,4,2,0
SA32002,1,1,1,1,0,1,1,1,0,1,1,1,1,0,0,0,1,0,0,1,0,1,0,1,0,4,2,0
SA32009,1,1,0,1,0,1,1,0,0,1,1,1,1,0,0,0,1,0,0,0,0,1,1,1,0,4,2,0
SA32023,1,0,0,0,0,0,0,0,0,0,1,0,0,0,0,0,0,0,1,0,0,1,0,1,0,4,2,2
SA32148,1,1,1,1,1,1,1,1,1,1,1,1,1,1,1,0,1,1,1,1,1,1,1,1,1,4,2,0
SA32154,1,0,0,1,1,0,1,0,0,0,1,0,0,0,0,0,0,0,0,0,0,1,0,0,0,3,2,1
SA32177,1,0,0,1,1,1,1,1,0,1,1,1,1,0,0,0,1,1,0,0,0,1,1,1,0,4,2,0
SA32195,1,0,0,1,1,1,1,1,0,1,1,1,1,0,0,0,1,0,0,0,0,1,1,1,0,4,2,0
SA32203,1,0,0,1,1,0,1,0,0,0,1,0,1,0,0,0,1,0,1,0,0,1,0,1,0,4,2,2
SA32205,1,1,0,1,0,1,1,1,0,1,1,1,1,0,0,0,1,0,0,0,1,1,0,1,0,4,2,2
SA32221,1,0,0,0,0,0,1,0,0,0,1,0,0,0,0,0,0,0,0,0,0,1,0,1,0,2,2,0
SA32233,1,1,1,1,1,1,1,1,0,1,1,1,1,0,0,0,1,1,0,0,1,1,0,1,0,4,2,0
SA32235,1,1,1,1,1,1,1,1,1,1,1,1,1,1,1,0,1,1,0,1,1,1,0,1,1,4,2,0
SA32240,1,0,0,1,1,1,1,1,0,1,1,1,1,0,0,0,1,1,0,1,1,1,0,1,0,4,2,0
SA32290,1,1,0,1,0,1,1,0,0,0,1,1,1,0,0,0,1,0,0,0,0,1,0,1,0,4,2,0
SA32307,1,0,1,1,1,1,1,0,0,1,1,0,1,0,0,0,0,0,0,0,0,1,0,0,0,4,2,0
SA32309,1,1,1,1,0,1,1,0,0,1,1,0,1,0,0,0,1,0,0,0,0,1,0,1,0,4,2,0
SA32347,1,0,0,1,1,0,1,1,0,0,1,0,1,0,0,0,0,0,1,0,0,1,0,1,0,4,2,2
SA32362,1,1,0,1,0,1,1,1,0,1,1,1,1,0,0,0,1,1,0,1,0,1,1,1,0,4,2,0
SA32363,1,1,1,1,1,1,1,1,0,1,1,1,1,1,1,0,1,1,1,1,1,1,1,1,1,4,2,0
SA32375,1,0,0,1,1,1,1,1,0,0,1,1,1,0,0,0,1,0,0,0,0,1,0,1,0,4,2,0
SA32393,1,0,0,0,1,0,1,0,0,0,1,0,0,0,0,0,0,0,0,0,0,1,0,0,0,3,2,0
SA32405,1,1,0,1,0,1,1,1,0,1,1,0,1,0,0,0,1,0,0,0,0,1,0,1,0,4,2,0
SA32452,1,1,1,1,1,1,1,1,1,1,1,1,1,1,1,0,1,1,1,1,1,1,0,1,1,4,2,0
SA32485,1,1,1,1,1,1,1,1,1,1,1,1,1,1,1,0,1,1,1,1,0,1,1,1,1,4,2,0
SA32519,1,0,0,0,0,0,0,0,0,0,0,0,0,0,0,0,0,0,0,0,0,1,0,1,0,4,2,2
SA32523,1,1,1,1,1,1,1,1,0,1,1,1,1,0,0,0,1,1,0,1,1,1,0,1,0,4,2,0
SA32527,1,1,0,1,0,1,1,1,0,1,1,1,1,0,0,0,1,1,0,0,1,1,0,1,0,4,2,0
SA32529,1,1,1,1,1,1,1,1,1,1,1,1,1,1,1,0,1,1,0,1,0,1,1,1,1,4,2,0
SA32544,1,0,0,1,1,0,1,1,0,1,1,0,1,0,0,0,1,0,1,0,0,1,0,0,0,4,2,2
SA32549,1,0,0,0,0,0,0,0,0,0,1,0,0,0,0,0,0,0,0,0,0,1,0,1,0,1,2,2
SA32579,1,1,0,1,0,1,1,1,0,1,1,1,1,0,0,0,1,1,0,0,0,1,1,1,0,4,2,0
SA32616,1,0,0,0,0,0,1,0,0,0,0,0,1,0,0,0,0,0,0,0,0,1,0,1,0,3,2,0
SA32627,1,0,0,0,1,0,0,1,0,0,1,0,0,0,0,0,0,0,1,0,0,1,0,0,0,4,2,1
SA32638,1,1,0,1,1,1,1,1,0,1,1,1,1,1,0,0,1,1,0,1,1,1,0,1,1,4,2,0
SA32640,1,0,0,0,0,0,1,0,0,0,1,0,0,0,0,0,0,0,0,0,0,1,0,1,0,4,2,2
SA32657,1,1,1,1,0,1,1,0,0,1,1,0,1,0,0,0,0,0,0,0,0,1,0,1,0,4,2,0
SA32666,1,1,1,1,1,1,1,1,0,1,1,1,1,1,0,0,1,0,0,1,1,1,0,1,0,4,2,0
SA32668,1,0,0,1,1,0,1,0,0,0,1,0,0,0,0,0,0,0,1,0,0,1,0,0,0,1,2,2
SA32672,1,0,0,1,1,1,1,1,0,1,1,1,1,0,0,0,1,1,0,0,1,1,0,1,0,4,2,0
SA32694,1,0,0,0,1,0,1,0,0,0,1,1,0,0,0,0,0,1,0,0,0,1,0,0,0,3,2,0
SA32718,1,0,0,0,0,0,0,0,0,0,1,0,0,0,0,0,0,0,0,0,0,1,0,1,0,4,2,2
SA32719,1,1,0,1,1,1,1,1,0,1,1,1,1,0,0,0,1,1,0,1,1,1,0,1,0,4,2,0
SA32783,1,0,0,1,1,1,1,0,0,1,1,1,1,0,0,0,1,0,0,0,0,1,0,1,0,4,2,2
SA32801,1,0,0,0,1,0,1,0,0,0,1,0,0,0,0,0,0,0,1,0,0,1,0,1,0,4,2,1
SA32864,1,1,0,1,0,1,1,1,0,0,1,1,1,0,0,0,1,0,0,0,0,1,0,1,0,4,2,0
SA32865,1,1,0,1,1,1,1,1,0,1,1,1,1,1,0,0,1,1,0,1,1,1,0,1,0,4,2,0
SA32880,1,0,0,1,1,0,1,0,0,0,1,0,0,0,0,0,0,0,0,0,0,1,0,0,0,1,2,2
SA32887,1,0,0,1,1,1,1,0,0,0,1,0,1,0,0,0,0,1,0,0,0,1,0,0,0,4,2,0
SA32917,1,0,0,0,1,0,1,0,0,0,0,0,0,0,0,0,0,0,0,0,1,1,0,0,0,4,2,0
SA32929,1,0,1,1,1,1,1,1,0,1,1,1,1,0,0,0,1,0,0,0,1,1,0,1,0,4,2,0
SA32940,1,1,0,1,0,1,1,0,0,0,1,0,1,0,0,0,0,1,0,0,0,1,0,1,0,4,2,0
SA32960,1,0,1,1,1,1,1,1,0,1,1,0,1,0,0,0,1,0,0,0,0,1,1,1,0,4,2,0
SA32962,1,1,1,1,1,1,1,1,1,1,1,1,1,1,1,1,1,1,1,1,1,1,1,1,1,4,2,0
SA32963,1,0,0,1,1,1,1,0,0,1,1,1,1,0,0,0,1,0,0,1,0,1,0,1,0,4,2,0
SA32964,1,1,1,1,1,1,1,1,0,1,1,1,1,0,0,0,1,0,0,1,0,1,1,1,0,4,2,0
SA32970,1,1,0,1,0,1,1,0,0,1,1,0,1,0,0,0,0,0,0,0,0,1,0,1,0,4,2,0
SA32971,1,0,1,1,1,1,1,0,0,1,1,0,1,0,0,0,1,0,0,0,0,1,0,0,0,4,2,0
SA32979,1,1,1,1,0,1,1,1,0,1,1,1,1,0,0,0,1,0,0,1,1,1,0,1,0,4,2,0
SA33008,1,1,0,1,0,1,1,0,0,1,1,0,1,0,0,0,1,0,0,0,0,1,0,1,0,4,2,0
SA33009,1,1,0,1,0,0,1,0,0,0,1,0,1,0,0,0,0,0,1,0,0,1,0,1,0,4,2,0
SA33011,1,0,0,1,1,1,1,1,0,1,1,1,1,0,0,0,1,0,0,0,0,1,0,1,0,4,2,0
SA33014,1,0,0,1,1,1,1,1,0,1,1,0,1,0,0,0,1,0,0,0,0,1,0,0,0,4,2,0
SA33018,1,1,0,1,1,1,1,1,0,1,1,1,1,0,0,0,1,1,0,0,1,1,0,1,0,4,2,0
SA33023,1,0,0,1,1,1,1,1,0,1,1,1,1,0,0,0,1,0,0,1,1,1,0,1,0,4,2,0
SA33044,1,1,0,1,0,0,1,1,0,1,1,0,1,0,0,0,1,0,1,0,0,1,0,1,0,4,2,0
SA33046,1,0,0,0,1,0,1,0,0,0,1,1,0,0,0,0,0,0,0,0,0,1,0,0,0,3,2,0
SA33055,1,1,0,1,0,0,1,0,0,0,1,0,1,0,0,0,1,0,1,0,0,1,0,1,0,4,2,0
SA33088,1,0,0,1,1,0,1,0,0,0,1,0,1,0,0,0,1,0,1,0,0,1,0,0,0,4,2,2
SA33115,1,0,0,0,1,0,1,0,0,0,1,0,0,0,0,0,0,0,0,0,0,1,0,0,0,4,2,2
SA33147,1,1,0,1,0,1,1,0,0,0,1,0,1,0,0,0,1,1,0,0,0,1,1,1,0,4,2,0
SA33159,1,0,0,1,1,1,1,0,0,0,1,0,1,0,0,0,1,1,0,0,0,1,1,1,0,4,2,0
SA33162,1,0,1,1,1,1,1,1,0,1,1,0,1,0,0,0,1,0,0,0,0,1,0,0,0,4,2,0
SA33166,1,0,0,1,1,1,1,1,0,1,1,0,1,0,0,0,1,0,0,1,0,1,0,1,0,4,2,0
SA33177,1,0,0,1,1,0,1,0,0,0,1,0,0,0,0,0,1,0,1,0,0,1,0,0,0,4,2,2
SA33181,1,0,0,0,1,1,1,0,0,1,1,0,1,0,0,0,0,0,0,0,0,1,0,0,0,4,2,0
SA33183,1,1,1,1,0,1,1,1,0,1,1,1,1,0,0,0,1,1,0,0,0,1,1,1,0,4,2,0
SA33184,1,1,0,1,0,1,1,1,0,1,1,1,1,0,0,0,1,0,0,0,0,1,1,1,0,4,2,0
SA33185,1,0,0,0,1,0,0,0,0,0,1,1,0,0,0,0,0,0,0,0,0,1,0,0,0,3,2,0
SA33190,1,0,1,1,1,1,1,1,0,1,1,1,1,0,0,0,1,0,0,1,0,1,0,1,0,4,2,0
SA33191,1,0,0,1,1,0,1,0,0,1,1,0,1,0,0,0,0,0,1,0,0,1,0,0,0,4,2,2
SA33204,1,0,1,1,1,1,1,1,0,1,1,1,1,0,0,0,1,0,0,1,1,1,0,1,0,4,2,0
SA33211,1,0,0,0,1,0,1,0,0,0,1,0,0,0,0,0,0,0,1,0,0,1,0,0,0,4,2,1
SA33214,1,0,0,1,1,1,1,1,0,1,1,0,1,0,0,0,1,0,0,0,0,1,0,1,0,4,2,0
SA33220,1,0,0,1,1,1,1,0,0,0,1,0,0,0,0,0,0,0,0,0,0,1,0,0,0,1,2,2
SA33260,1,0,0,1,1,1,1,0,0,0,1,1,1,0,0,0,1,1,0,0,0,1,0,1,0,4,2,0
SA33261,1,0,0,0,0,1,1,0,0,0,1,0,1,0,0,0,0,1,0,0,0,1,0,1,0,4,2,0
SA33264,1,1,0,1,0,1,1,1,0,1,1,1,1,0,0,0,1,0,0,0,0,1,0,1,0,4,2,0
SA33267,1,1,0,1,0,1,1,0,0,0,1,1,1,0,0,0,1,1,0,0,0,1,0,1,0,4,2,0
SA33280,1,1,0,1,0,1,1,1,0,1,1,0,1,0,0,0,0,0,0,0,0,1,0,1,0,4,2,0
SA33288,1,0,0,0,0,0,0,0,0,0,1,0,0,0,0,0,0,0,0,1,0,1,0,0,0,3,2,0
SA33309,1,0,0,1,0,0,0,0,0,0,0,0,0,0,0,0,0,0,0,0,0,1,0,1,0,4,2,2
SA33312,1,1,1,1,0,1,1,1,0,1,1,1,1,0,0,0,1,1,0,1,0,1,1,1,0,4,2,0
SA33338,1,0,0,1,1,1,1,0,0,1,1,1,1,0,0,0,1,0,0,0,1,1,0,1,0,4,2,0
SA33344,1,1,0,1,0,0,1,0,0,1,1,0,1,0,0,0,1,0,1,0,0,1,0,1,0,4,2,0
SA33346,1,0,0,1,1,1,1,1,0,1,1,1,1,0,0,0,1,1,0,1,0,1,1,1,0,4,2,0
SA33350,1,1,0,1,0,0,1,1,0,1,1,0,1,0,0,0,0,0,1,0,0,1,0,1,0,4,2,0
SA33355,1,0,0,1,1,1,1,0,0,0,1,0,1,0,0,0,1,1,0,0,0,1,0,0,0,4,2,0
SA33368,1,0,1,1,1,1,1,1,0,1,1,0,1,0,0,0,1,0,0,0,0,1,0,1,0,4,2,0
SA33370,1,0,0,0,0,1,1,0,0,0,0,0,0,0,0,0,0,0,0,0,0,1,0,1,0,4,2,2
SA33388,1,0,0,1,1,1,1,0,0,1,1,0,1,0,0,0,0,0,0,0,0,1,0,0,0,4,2,0
SA33389,1,1,0,1,0,1,1,0,0,0,1,0,1,0,0,0,1,1,0,0,0,1,0,1,0,4,2,0
SA33391,1,1,1,1,1,1,1,1,0,1,1,1,1,1,0,0,1,0,0,1,0,1,1,1,0,4,2,0
SA33395,1,1,0,1,1,1,1,1,0,1,1,1,1,0,0,0,1,1,0,1,0,1,1,1,0,4,2,0
SA33398,1,0,0,1,1,0,1,1,0,0,1,0,1,0,0,0,0,0,1,0,0,1,0,0,0,4,2,2
SA33403,1,0,1,1,1,1,1,1,0,1,1,1,1,0,0,0,1,0,0,0,0,1,1,1,0,4,2,0
SA33409,1,1,0,1,0,1,1,0,0,0,1,1,1,0,0,0,1,1,0,0,1,1,0,1,0,4,2,0
SA33410,1,1,1,1,0,1,1,1,0,1,1,1,1,0,0,0,1,0,0,0,1,1,0,1,0,4,2,0
SA33411,1,0,1,1,1,1,1,1,0,1,1,0,1,0,0,0,0,0,0,0,0,1,0,1,0,4,2,0
SA33423,1,0,0,1,1,1,1,1,0,1,1,0,1,0,0,0,0,0,0,0,0,1,0,0,0,4,2,0
SA33424,1,1,1,1,1,1,1,1,0,1,1,1,1,1,1,0,1,1,1,1,0,1,1,1,1,4,2,0
SA33426,1,1,0,1,0,1,1,1,0,1,1,1,1,0,0,0,1,0,0,1,1,1,0,1,0,4,2,0
SA33427,1,1,1,1,1,1,1,1,0,1,1,1,1,1,1,0,1,1,0,1,1,1,0,1,0,4,2,0
SA33433,1,0,0,1,1,0,1,0,0,0,1,0,1,0,0,0,0,0,1,0,0,1,0,0,0,4,2,2
SA33434,1,0,0,0,1,0,0,0,0,0,1,0,1,0,0,0,0,0,1,0,0,1,0,0,0,4,2,1
SA33435,1,1,1,1,1,1,1,1,0,1,1,1,1,1,0,0,1,1,0,1,1,1,0,1,0,4,2,0
SA33436,1,0,1,1,1,1,1,1,0,1,1,0,1,0,0,0,0,0,0,0,0,1,0,0,0,4,2,0
SA33437,1,0,0,1,1,0,1,1,0,0,1,0,1,0,0,0,1,0,1,0,0,1,0,0,0,4,2,2
SA33438,1,1,0,1,0,0,1,1,0,0,1,0,1,0,0,0,0,0,1,0,0,1,0,1,0,4,2,0
SA33448,1,1,0,1,1,1,1,1,0,1,1,1,1,1,1,0,1,1,0,1,1,1,0,1,1,4,2,0
SA33454,1,0,0,1,0,0,1,0,0,0,1,0,0,0,0,0,0,0,0,0,0,1,0,1,0,4,2,2
SA33462,1,0,0,1,1,1,1,0,0,0,1,0,0,0,0,0,0,0,0,0,0,1,0,0,0,3,2,0
SA33476,1,0,0,1,1,0,1,0,0,0,1,0,0,0,0,0,0,0,1,0,0,1,0,0,0,4,2,2
SA33485,1,1,1,1,0,1,1,1,0,1,1,1,1,0,0,0,1,0,0,0,0,1,1,1,0,4,2,0
SA33486,1,0,0,0,0,0,0,0,0,0,0,1,0,0,0,1,0,0,0,0,0,1,0,0,0,4,2,2
SA33491,1,0,0,0,1,0,1,1,0,0,1,0,0,0,0,0,0,0,1,0,0,1,0,0,0,4,2,1
SA33494,1,0,1,1,1,1,1,1,0,1,1,1,1,0,0,0,1,0,0,1,0,1,1,1,0,4,2,0
SA33495,1,1,1,1,0,1,1,1,0,1,1,0,1,0,0,0,1,0,0,0,0,1,1,1,0,4,2,0
SA33518,1,0,0,1,1,0,1,0,0,0,1,0,0,0,0,0,0,0,0,0,0,1,0,0,0,4,2,2
SA33519,1,1,1,1,0,1,1,1,0,1,1,0,1,0,0,0,0,0,0,0,0,1,0,1,0,4,2,0
SA33545,1,0,0,0,1,0,1,0,0,0,1,0,0,0,0,0,0,0,0,0,0,1,0,0,0,1,2,2
SA33548,1,0,0,0,0,0,0,0,0,0,0,0,0,0,0,0,0,0,1,0,0,0,0,1,0,4,2,2
SA33549,1,1,1,1,1,1,1,1,0,1,1,1,1,1,0,0,1,1,0,1,1,1,0,1,1,4,2,0
SA33569,1,0,0,1,1,1,1,0,0,0,1,0,1,0,0,0,0,1,0,0,0,1,0,1,0,4,2,0
SA33570,1,0,0,0,0,0,0,0,0,0,0,0,1,0,0,0,0,0,0,0,0,1,0,1,0,3,2,0
SA33572,1,0,0,0,1,0,0,0,0,0,1,0,0,0,0,0,0,0,0,0,0,1,0,0,0,3,2,0
SA33574,1,0,0,1,1,1,1,0,0,0,1,0,1,0,0,0,1,1,0,0,1,1,0,1,0,4,2,0
SA33575,1,0,0,1,1,1,1,0,0,0,1,1,1,0,0,0,1,1,0,0,0,1,1,1,0,4,2,0
SA33576,1,0,0,1,1,0,1,0,0,1,1,0,1,0,0,0,1,0,1,0,0,1,0,0,0,4,2,2
SA33585,1,0,0,0,1,0,1,0,0,0,1,0,1,0,0,0,0,0,1,0,0,1,0,0,0,4,2,2
