city_name,candidate_num,knee_cost,knee_emission,knee_built_cs,knee_fast_per_cs,knee_slow_per_cs,knee_extra_large,knee_extra_medium,knee_extra_small,large_model,medium_model,small_model,knee_built_ratio
北京市,1551,3942.132406,98555.56178,673,2.124814264,9.575037147,659,16,11,4,2,1,0.43
重庆市,1260,2477.214319,55145.06504,550,1.829090909,9.232727273,116,24,3,4,2,1,0.44
上海市,1241,2524.641741,68330.8963,457,2.350109409,10.59080963,305,35,1,4,2,1,0.37
杭州市,1098,1505.991825,42205.93273,357,1.266106443,8.254901961,459,76,4,4,2,1,0.33
广州市,944,2440.073203,60443.24059,391,2.002557545,9.803069054,310,14,3,4,2,1,0.41
成都市,901,1619.150154,42710.45955,287,2.386759582,10.68292683,82,17,0,4,2,1,0.32
天津市,707,1137.358256,36370.33111,204,2.083333333,10.32843137,340,1,0,4,2,1,0.29
武汉市,701,1222.804843,33373.37667,243,1.724279835,8.880658436,158,10,0,4,2,0,0.35
南京市,643,1369.514568,33688.31606,203,3.738916256,11.70935961,140,6,2,4,2,1,0.32
深圳市,626,1656.475783,47809.35818,213,3.633802817,13.67605634,214,6,0,4,2,1,0.34
济南市,567,1452.746162,46915.08243,150,5.32,13.26,487,62,1,4,2,1,0.26
佛山市,567,970.5201284,29704.18907,157,2.203821656,11.38216561,232,5,0,4,2,1,0.28
宁波市,544,1119.462536,30295.84834,153,3.424836601,12.65359477,143,4,0,4,2,1,0.28
青岛市,481,2064.606718,60925.46692,156,6.057692308,14.13461538,802,16,1,4,2,1,0.32
苏州市,465,1071.756832,33349.14363,134,3.76119403,13.14179104,332,8,0,4,2,1,0.29
西安市,451,911.7271058,26823.26387,134,2.634328358,12.30597015,242,24,0,4,2,1,0.3
绍兴市,396,577.5160414,17919.18518,92,2.967391304,11.10869565,125,4,0,4,2,1,0.23
东莞市,346,566.6797362,19326.40854,78,2.871794872,13.74358974,189,7,0,4,2,1,0.23
哈尔滨市,341,724.2147526,17814.18288,82,5.707317073,14.07317073,22,0,0,4,2,1,0.24
沈阳市,324,583.8881481,15033.57772,76,3.302631579,13.34210526,67,10,0,4,2,0,0.23
常州市,307,599.919855,19816.18747,60,5.65,15.13333333,180,2,0,4,2,1,0.2
厦门市,301,589.5939542,15482.10595,58,5.172413793,15.32758621,23,0,0,4,2,1,0.19
长沙市,291,927.9192983,30925.28666,74,8.472972973,16.33783784,325,1,0,4,2,1,0.25
长春市,257,1105.158923,32947.99421,87,7.75862069,16.03448276,324,124,8,4,2,1,0.34
贵阳市,256,596.539823,20673.96794,49,7.081632653,15.95918367,251,11,3,4,2,1,0.19
昆明市,253,372.3653813,7930.741942,51,2.607843137,12.11764706,6,5,0,4,2,1,0.2
南通市,211,342.7731202,11748.34976,32,6.5,15.5625,104,2,0,4,2,1,0.15
金华市,204,250.0645968,7265.23505,28,3.607142857,11.78571429,55,1,0,4,2,1,0.14
烟台市,200,621.8309806,20989.47177,49,7.857142857,15.69387755,270,0,0,4,2,1,0.24
福州市,196,863.8472912,29620.81134,49,12.08163265,18,336,15,3,4,2,1,0.25
中山市,196,345.5867569,11341.46391,27,7.37037037,17.33333333,66,4,0,4,2,1,0.14
石家庄市,194,660.3626395,20169.39841,42,9.119047619,17.33333333,120,10,0,4,2,1,0.22
乌鲁木齐市,194,422.5464174,11064.14644,37,5.972972973,15.43243243,15,12,0,4,2,1,0.19
威海市,189,207.4849409,6603.884854,36,2.472222222,9.333333333,63,0,0,4,2,1,0.19
泸州市,186,278.6916787,8298.566859,28,5.392857143,15.64285714,41,0,0,4,2,1,0.15
南昌市,184,270.011269,7591.884979,25,6.92,16.16,32,4,0,4,2,1,0.14
温州市,181,376.2190415,14890.56885,34,8.294117647,16.73529412,224,1,1,4,2,1,0.19
南宁市,175,418.4430826,12222.20469,31,8.419354839,16.5483871,59,1,0,4,2,1,0.18
淄博市,165,316.9682897,10858.22038,22,9.863636364,17.09090909,110,0,1,4,2,1,0.13
扬州市,165,384.9919021,13133.71607,24,11.125,17.75,203,1,0,4,2,1,0.15
太原市,164,630.3652314,18047.05943,28,12.75,18.5,72,24,1,4,2,1,0.17
芜湖市,164,430.0186647,15223.49965,28,11.60714286,17.5,164,9,0,4,2,1,0.17
珠海市,149,369.9270965,12455.06005,30,7.5,16.13333333,76,3,0,4,2,1,0.2
绵阳市,147,328.9265556,9003.310711,28,5.035714286,12.03571429,34,9,0,4,2,1,0.19
惠州市,143,364.1183279,16139.91904,29,11.13793103,16.65517241,385,0,2,4,1,1,0.2
湖州市,143,220.1243127,7520.209431,19,6.315789474,16.31578947,43,1,0,4,2,1,0.13
连云港市,139,219.2549687,8136.880479,18,9.611111111,16.16666667,77,0,0,4,2,1,0.13
六安市,136,163.3807147,5235.407115,18,4.833333333,13.38888889,45,0,0,4,2,1,0.13
邢台市,136,233.1185346,8796.10525,19,11.15789474,16.94736842,102,4,0,4,2,2,0.14
日照市,133,222.0774008,8182.874507,23,8.260869565,15.56521739,120,1,0,4,2,1,0.17
兰州市,132,327.8517853,7103.882621,21,13.38095238,16.76190476,35,0,7,4,2,1,0.16
嘉兴市,129,249.6634627,8905.968596,19,10.73684211,16.68421053,73,0,0,4,2,1,0.15
潍坊市,128,281.3912448,11055.02084,25,10.36,18.32,177,5,0,4,2,1,0.2
汕头市,127,269.4721241,10695.13617,18,12.11111111,18.72222222,144,4,0,4,2,1,0.14
长治市,125,184.5694146,7138.372833,17,11.23529412,16.17647059,68,14,0,4,2,1,0.14
漳州市,125,109.6521299,3679.9876,17,3.529411765,13.17647059,15,0,1,4,2,1,0.14
洛阳市,125,369.302646,13919.13141,22,12.09090909,17.59090909,213,22,3,4,2,1,0.18
盐城市,120,307.4073055,12343.90804,25,10.88,16.44,170,0,0,4,2,1,0.21
海口市,120,386.9176378,13056.75173,19,12.31578947,19.10526316,80,7,0,4,2,1,0.16
济宁市,120,236.4528063,8165.514648,15,12.13333333,17.26666667,112,0,0,4,2,1,0.12
泰安市,120,244.6396115,8897.551187,20,10,17.15,102,0,0,4,2,0,0.17
西宁市,119,460.2364283,14775.66643,30,9.466666667,17.53333333,72,8,0,4,2,1,0.25
聊城市,118,197.1125086,6338.457852,17,8.117647059,17.05882353,28,2,0,4,2,1,0.14
赣州市,116,215.8305289,7046.964363,13,10.46153846,18,58,1,0,4,2,1,0.11
郴州市,114,306.3589588,8371.295783,19,8.263157895,15.94736842,14,0,0,4,2,1,0.17
东营市,114,313.6691834,9698.540268,20,9.55,15.65,55,1,0,4,2,1,0.18
十堰市,113,144.9858033,3766.848138,17,5.588235294,12.05882353,11,1,2,4,2,1,0.15
江门市,111,160.1860057,4361.404793,16,2.875,13.8125,8,1,0,4,2,2,0.14
台州市,107,152.0253254,6105.526305,13,8,17.76923077,55,1,2,4,2,1,0.12
徐州市,106,83.0752135,3141.101013,14,3.428571429,13.35714286,31,0,0,4,2,1,0.13
镇江市,102,176.2211018,6281.759382,18,6.777777778,16.11111111,67,5,0,4,2,1,0.18
宝鸡市,100,391.8557799,12909.30724,25,11.24,17.44,110,17,0,4,2,1,0.25
泰州市,98,223.1908526,7945.180293,16,12.9375,18.9375,106,1,1,4,2,1,0.16
宜昌市,98,104.1477276,4070.687486,13,7.307692308,13.23076923,43,5,0,4,2,1,0.13
咸阳市,96,174.9595867,5861.549432,11,14.09090909,20,93,17,0,4,2,1,0.11
保定市,96,166.9778277,5343.961625,13,8.076923077,18.23076923,18,1,0,4,2,1,0.14
邯郸市,96,285.8558046,10400.74487,23,10.47826087,17.26086957,181,5,0,4,2,1,0.24
梅州市,95,123.557824,4356.531703,13,6.230769231,15.53846154,61,0,0,4,2,0,0.14
枣庄市,92,93.62513958,3625.309585,14,4.428571429,14.35714286,28,2,0,4,2,1,0.15
舟山市,91,150.88978,5957.643089,14,8.5,16.07142857,88,0,0,4,2,1,0.15
吉林市,90,180.9710541,5442.944552,12,9.583333333,17.16666667,12,4,0,4,2,1,0.13
鞍山市,90,229.8255611,6058.045367,10,13.8,18.9,7,2,0,4,2,1,0.11
张家口市,88,175.8445061,5382.126861,17,5.882352941,14.29411765,49,2,2,4,2,1,0.19
莆田市,88,151.6172303,5435.21887,21,4.857142857,10.28571429,84,0,0,4,2,1,0.24
银川市,85,208.0278239,7866.916667,16,12.625,16.4375,88,3,0,4,2,1,0.19
衢州市,85,49.41347393,1579.425511,14,0.428571429,8.357142857,12,1,0,4,2,1,0.16
秦皇岛市,84,164.0460676,5922.030985,9,13.77777778,19.44444444,69,6,0,4,2,2,0.11
三亚市,84,145.8552129,5533.361849,12,8.083333333,15.83333333,63,0,0,4,2,1,0.14
泉州市,83,168.1762345,6591.94713,10,12.9,19.8,51,1,0,4,2,1,0.12
营口市,82,102.9989594,3294.741765,11,7.181818182,17.63636364,1,5,0,4,2,1,0.13
滨州市,82,105.3457004,3999.961383,10,6.5,17.1,33,0,0,4,2,2,0.12
自贡市,82,284.3791504,6483.381392,8,16,19.875,8,2,0,4,2,1,0.1
宜宾市,81,209.6833341,6900.062739,15,11.66666667,19.2,74,2,0,4,2,1,0.19
清远市,80,128.9943371,4119.746747,12,3.333333333,14.08333333,19,0,0,4,2,1,0.15
肇庆市,80,119.1629147,4578.874778,10,7.5,14.5,33,0,0,4,2,1,0.12
上饶市,78,101.7078073,2748.981728,12,1.916666667,15.58333333,1,3,0,4,2,1,0.15
牡丹江市,78,169.5425517,5001.545121,12,9.583333333,16.5,3,2,0,4,2,1,0.15
岳阳市,77,197.3897914,7011.836748,11,15.45454545,18.81818182,45,5,0,4,2,1,0.14
桂林市,77,125.2850196,3859.661389,11,3.909090909,15.72727273,10,1,0,4,2,1,0.14
三明市,76,109.4264407,2614.056804,11,5.181818182,13.36363636,5,1,0,4,2,1,0.14
承德市,76,165.1977379,5260.934822,8,11.75,19,15,1,0,4,2,1,0.11
南充市,76,113.0252956,3247.076024,9,9.111111111,15,21,0,0,4,2,1,0.12
遵义市,76,251.6011822,8395.68718,9,16.22222222,20,58,2,0,4,2,1,0.12
菏泽市,75,192.4411744,7216.677922,10,15.5,19.1,101,1,0,4,2,1,0.13
盘锦市,75,137.7627352,4940.977132,9,12.33333333,18.88888889,25,0,0,4,2,1,0.12
襄阳市,74,156.4275638,6251.607306,12,9.5,15.83333333,62,1,0,4,2,1,0.16
九江市,73,136.8962885,3331.546498,9,5.666666667,18.22222222,4,0,0,4,2,1,0.12
荆州市,72,158.351248,5509.390163,9,12.22222222,19,35,8,0,4,2,1,0.12
蚌埠市,71,139.2237119,4327.753605,9,11.11111111,18.11111111,6,1,0,4,2,1,0.13
衡阳市,70,241.9475337,7649.731375,14,11.92857143,19.92857143,84,6,0,4,2,1,0.2
龙岩市,70,142.9266743,5097.908889,9,11.66666667,17.88888889,49,3,0,4,2,1,0.13
茂名市,69,128.0999266,4876.514707,9,10,19.55555556,48,0,0,4,1,0,0.13
铜陵市,69,151.3159921,4995.238343,8,13,18.75,25,2,0,4,2,1,0.12
眉山市,69,121.290401,4311.247759,12,8.083333333,16.33333333,53,4,0,4,2,1,0.17
开封市,68,178.7080236,6263.105295,10,15.5,20,39,8,1,4,2,1,0.15
大同市,67,226.3683785,7595.166929,12,14.83333333,19,68,0,0,4,2,1,0.18
内江市,67,107.1745393,2321.049389,11,5.272727273,14.18181818,0,4,0,4,2,1,0.16
抚顺市,66,181.101804,5749.056798,7,14,20,9,1,1,4,2,1,0.11
南阳市,66,181.8199819,9607.448368,19,11.26315789,17.89473684,60,11,0,0,2,1,0.29
宜春市,65,95.51786555,2967.925064,9,7.111111111,16,14,0,0,4,2,1,0.14
潮州市,64,51.54838629,1751.707027,9,1.555555556,11.66666667,10,0,0,4,2,1,0.14
大庆市,63,153.0580478,5157.127272,8,14.5,19.875,41,0,0,4,1,1,0.13
包头市,63,153.3626819,4150.568011,11,12.45454545,17.45454545,9,0,0,4,2,1,0.17
淮南市,63,125.4164755,4941.76525,7,15.42857143,20,65,1,0,4,2,1,0.11
鄂尔多斯市,62,102.3310443,4307.348765,9,12.22222222,19.88888889,19,8,0,4,2,1,0.15
呼和浩特市,60,373.3496976,16717.80356,24,13.04166667,19.41666667,57,2,0,0,2,0,0.4
玉溪市,59,38.53993161,1575.152234,9,5.222222222,12.66666667,11,20,0,4,2,1,0.15
南平市,59,89.63142993,2377.04969,9,5.222222222,13.77777778,17,5,0,4,2,1,0.15
天水市,59,211.5468754,8083.159886,11,12,18.72727273,91,8,0,4,2,1,0.19
曲靖市,58,138.0955189,4496.718384,7,12,20,19,3,0,4,2,1,0.12
荆门市,57,150.9343768,4255.724125,5,18,20,13,0,0,4,2,1,0.09
阜阳市,57,75.74958945,3389.385518,10,7.9,15,31,2,0,4,2,1,0.18
常德市,56,122.003983,4879.457708,6,18.83333333,20,30,9,0,4,2,1,0.11
淮安市,56,55.5849131,2428.916505,7,6.571428571,16.28571429,20,1,0,4,2,2,0.12
新乡市,55,147.5954639,4562.71966,9,14,19,6,15,0,4,2,1,0.16
益阳市,54,103.9983965,3543.969376,6,17.83333333,20,26,8,0,4,2,1,0.11
宿迁市,54,174.2732782,6967.797737,10,15.5,19.5,65,0,0,4,2,1,0.19
齐齐哈尔市,53,165.7690038,5018.652004,9,14.11111111,16.33333333,11,0,0,4,2,1,0.17
湘潭市,53,89.71280279,2476.708446,9,3.222222222,14.55555556,3,0,0,4,2,1,0.17
柳州市,52,173.219417,6635.145893,11,12.09090909,19.27272727,89,5,0,4,2,1,0.21
商丘市,52,143.3301358,6094.095777,10,9.8,17.1,57,10,0,4,2,1,0.19
焦作市,51,85.52627471,2551.487198,5,12,19.6,7,0,0,4,2,1,0.1
德州市,51,123.4577644,4048.390741,8,13.625,16.375,25,0,0,4,2,1,0.16
平顶山市,51,155.8511141,5217.898861,7,11.42857143,18.42857143,10,0,0,4,2,1,0.14
达州市,51,150.9047994,5141.572597,7,15.85714286,19.42857143,34,1,0,4,2,1,0.14
马鞍山市,51,87.66580896,3443.207407,6,13.33333333,19.16666667,23,8,0,4,2,1,0.12
安庆市,50,92.69584964,3490.368494,7,13.28571429,19.57142857,31,3,0,4,2,1,0.14
抚州市,49,66.16600676,1921.849616,6,2.833333333,19.66666667,7,0,0,4,2,1,0.12
信阳市,49,92.78503909,2982.893903,8,5.875,18,20,4,0,4,2,2,0.16
梧州市,48,68.72771143,2502.135089,6,4,18,7,1,0,4,2,1,0.12
六盘水市,48,73.32999268,2033.006686,7,3,17.42857143,18,0,0,4,2,1,0.15
丹东市,48,86.62534105,2045.618535,7,7.857142857,18.14285714,12,0,0,4,2,1,0.15
湛江市,47,61.31862247,2999.59731,8,6.875,12.5,45,0,0,4,4,1,0.17
廊坊市,47,110.4350215,4067.955006,6,14.16666667,19.33333333,26,0,0,4,3,0,0.13
河池市,46,78.97909644,2435.389272,7,4.142857143,14.28571429,29,6,0,4,2,1,0.15
昭通市,42,89.13997088,2910.42884,5,12,17.2,10,0,0,4,2,1,0.12
淮北市,42,75.17513615,2316.328118,5,9.4,20,9,0,0,4,2,0,0.12
通化市,42,68.79947295,2081.162312,7,5.571428571,15.57142857,3,14,0,4,2,1,0.17
景德镇市,41,57.64012522,2091.474509,6,5.5,15.33333333,5,0,0,4,2,1,0.15
锦州市,40,18.19709431,510.5365331,9,0.333333333,4.444444444,4,0,0,4,2,1,0.23
黄石市,40,94.38180679,3548.110674,4,17.75,20,43,4,0,4,2,1,0.1
辽阳市,39,59.69570093,1685.76173,6,3.666666667,15.83333333,6,4,0,4,2,1,0.15
佳木斯市,38,56.38194913,2074.844777,5,9.6,17,2,0,0,4,2,1,0.13
驻马店市,38,138.2393423,4925.506223,7,19.71428571,20,18,4,0,4,2,1,0.18
新余市,38,25.90899121,858.2399182,10,0.8,5.4,0,0,0,4,2,1,0.26
临汾市,37,57.3438195,1554.674332,6,9.5,17.16666667,2,0,0,4,2,1,0.16
衡水市,37,37.08955175,1405.646799,7,3.714285714,11.57142857,12,9,0,4,2,1,0.19
永州市,37,23.31913971,748.4969143,7,0.571428571,8.428571429,2,0,0,4,2,1,0.19
拉萨市,37,114.9911549,4138.893867,5,16,18.2,33,0,0,4,2,0,0.14
吉安市,36,53.9966933,1887.949089,5,5.8,17.2,21,8,0,4,2,1,0.14
北海市,36,28.62719205,948.1587834,5,1.2,14.4,3,8,0,4,2,1,0.14
邵阳市,35,87.68781625,3571.219138,7,15.28571429,19.42857143,52,4,0,4,2,1,0.2
百色市,35,33.62497101,1206.288181,5,4.4,12,9,3,0,4,2,1,0.14
宁德市,34,117.0599664,4212.167184,6,14,18.83333333,11,3,0,4,2,1,0.18
沧州市,34,91.59079648,2985.152009,6,18.66666667,20,0,5,0,4,2,1,0.18
朔州市,34,48.03471129,1254.746334,6,6.166666667,15,3,1,0,4,2,1,0.18
玉林市,34,54.63525122,2023.285666,4,9.75,17.75,8,0,0,4,2,1,0.12
运城市,34,81.57111627,4103.810262,7,17.57142857,20,94,11,0,4,2,0,0.21
周口市,34,52.34735594,2042.95618,5,13.6,20,11,2,0,4,2,2,0.15
汕尾市,33,78.53385097,1911.180192,4,9.25,18,11,1,0,4,2,1,0.12
三门峡市,33,57.10274516,2060.889091,5,9.6,17.8,28,2,0,4,2,1,0.15
吕梁市,32,96.13483864,2593.40268,6,10.16666667,12.5,1,0,0,4,3,1,0.19
七台河市,31,63.57986788,1188.451591,6,2.666666667,18.16666667,2,0,0,4,2,1,0.19
毕节市,30,55.27715829,1996.560711,3,12.66666667,19.33333333,13,0,0,4,2,1,0.1
怀化市,30,74.91611649,2418.345285,4,16,20,10,2,0,4,2,1,0.13
贵港市,30,26.47910228,1309.460363,3,12.33333333,20,21,0,0,4,2,1,0.1
哈密市,29,37.48021746,1821.840937,3,17.66666667,20,15,0,0,4,2,1,0.1
晋城市,29,76.03392321,1776.673706,4,12.75,20,0,0,0,4,2,1,0.14
安顺市,28,84.95099135,3493.834031,4,15,18.5,18,0,0,4,2,1,0.14
铜仁市,28,38.81612792,1443.977182,3,15.33333333,20,11,0,0,4,2,1,0.11
咸宁市,28,37.28670978,1335.148095,4,4.75,16.75,4,0,0,4,2,1,0.14
鹤壁市,27,52.96532149,2088.248342,4,12.75,20,24,4,0,4,2,1,0.15
娄底市,27,21.15225233,547.7584608,4,0.25,12.25,3,0,0,4,2,1,0.15
揭阳市,27,35.07391726,1225.809827,7,2.714285714,10.85714286,2,0,0,4,4,0,0.26
张掖市,27,44.06043717,1291.846268,5,6.4,16.8,2,0,0,4,2,1,0.19
宿州市,26,26.26127587,1276.213058,6,3.166666667,10.5,17,2,0,4,2,2,0.23
四平市,26,52.67275028,1829.674253,4,12.75,20,0,4,0,4,2,1,0.15
资阳市,25,56.77711872,2285.669345,4,15.25,18,27,0,0,4,3,0,0.16
河源市,25,26.44017231,777.0922639,4,2.75,11.25,5,1,0,4,2,1,0.16
濮阳市,25,53.01703402,2172.468428,3,20,20,18,0,0,4,2,2,0.12
双鸭山市,25,37.85292186,917.275793,5,1.8,15.8,0,6,0,4,2,1,0.2
赤峰市,24,23.14969407,1270.30556,3,10.66666667,18.33333333,9,2,0,4,2,1,0.12
萍乡市,24,46.54908656,1328.31103,4,6,18.25,1,1,0,4,2,1,0.17
阳江市,24,23.22746075,772.4018684,4,2.5,9.25,4,0,0,4,2,0,0.17
酒泉市,24,9.279892997,229.9103085,7,0.142857143,3.857142857,0,1,0,4,2,1,0.29
云浮市,23,31.86913205,1143.925823,4,5.25,12,2,0,0,4,4,1,0.17
随州市,22,41.39306201,1450.344308,3,10.66666667,16.66666667,2,0,0,4,2,1,0.14
来宾市,21,40.58862844,1167.511917,3,4.666666667,20,5,0,0,4,2,1,0.14
绥化市,21,12.31539604,465.1446069,4,3.5,9.5,0,0,0,4,2,1,0.19
朝阳市,21,48.77043458,1855.070376,3,19.66666667,20,6,0,0,4,2,1,0.14
漯河市,20,9.974688368,434.1700866,3,2,10,9,0,0,4,2,1,0.15
铜川市,20,70.29669804,2827.350386,4,15.5,20,16,0,0,4,2,1,0.2
雅安市,19,38.19462034,1625.994303,2,20,20,9,11,0,4,2,1,0.11
攀枝花市,19,12.84113709,534.8082098,3,1.666666667,12.33333333,7,0,0,4,2,1,0.16
滁州市,18,27.32846879,1678.090055,3,15.33333333,20,34,0,0,4,2,0,0.17
松原市,17,51.84698905,1381.726999,3,12.33333333,20,4,5,0,4,2,1,0.18
鹰潭市,16,3.965714329,45.73087411,4,0,2.5,0,0,0,4,2,1,0.25
黑河市,16,19.22658661,828.1505999,6,4.166666667,9.5,0,8,0,4,2,1,0.38
安阳市,16,13.65313484,773.9605253,3,1.666666667,13,2,0,0,4,2,1,0.19
忻州市,14,8.529385838,503.2326023,2,2.5,20,0,0,0,4,2,0,0.14
庆阳市,14,45.56973101,1565.493251,2,20,20,1,0,0,4,2,1,0.14
乌兰察布市,12,36.79271232,865.5992462,3,1.333333333,19.33333333,0,0,0,4,3,1,0.25
固原市,11,3.409303467,83.02028482,3,0,3,0,0,0,4,2,1,0.27
铁岭市,8,11.25577096,408.8116487,1,19,20,0,0,0,4,2,0,0.12
