province,city,citycode,eprice,district_gdp,district_pop,budget,ind_electricity
Beijing,Beijing,110000,0.630995833,4.3761,2184.3,797.16333,27.52332
Tianjin,Tianjin,120000,0.655716667,1.6737,1363,328.04209,62.70972
Hebei,Shijiazhuang,130100,0.556133333,0.47509238,568.4,127.48334,35.35705
Hebei,Qinhuangdao,130300,0.556133333,0.13552543,152.28,37.81518,12.75477
Hebei,Handan,130400,0.630004167,0.18075015,382.87,87.16485,32.65674
Hebei,Xingtai,130500,0.630004167,0.08126558,209.63,64.17403,23.13018
Hebei,Baoding,130600,0.630004167,0.17972585,289.71,142.06176,23.22203
Hebei,Zhangjiakou,130700,0.556133333,0.0886223,175.95,69.40043,10.25991
Hebei,Chengde,130800,0.556133333,0.04747748,59.5,46.96114,17.75762
Hebei,Cangzhou,130900,0.630004167,0.06608719,71.72,73.09062,32.72012
Hebei,Langfang,131000,0.630004167,0.1072158,89.21,59.54637,18.08905
Hebei,Hengshui,131100,0.630004167,0.06334863,107.94,44.03376,10.4354
Shanxi,Taiyuan,140100,0.5092,0.5010807,418.7,77.72629,18.78567
Shanxi,Datong,140200,0.5092,0.13904245,159.98,46.45991,12.9573
Shanxi,Changzhi,140400,0.5092,0.13941392,162.19,57.26231,18.01291
Shanxi,Jincheng,140500,0.5092,0.04307554,43.01,43.12389,19.54022
Shanxi,Shuozhou,140600,0.5092,0.07811288,69.19,29.24664,8.35001
Shanxi,Yuncheng,140800,0.5092,0.04128154,65,51.91726,27.47642
Shanxi,Xinzhou,140900,0.5092,0.02566083,56.36,45.57528,10.67191
Shanxi,Linfen,141000,0.5092,0.04755227,93.81,54.4105,18.85439
Shanxi,Lvliang,141100,0.5092,0.02223408,46.4,62.29776,23.93189
Inner Mongolia,Hohhot,150100,0.472,0.27257051,152.49,59.2973,27.06056
Inner Mongolia,Baotou,150200,0.472,0.37983137,158.03,47.49991,96.233
Inner Mongolia,Chifeng,150400,0.503,0.08871556,119.33,67.82607,17.11206
Inner Mongolia,Ordos,150600,0.472,0.11716009,32.83,111.95007,87.658
Inner Mongolia,Ulanqab,150900,0.472,0.02660234,31.78,41.58282,62.32606
Liaoning,Shenyang,210100,0.5476,0.74703051,625,108.40553,17.92174
Liaoning,Anshan,210300,0.5476,0.10516303,142.16,31.046,25.94701
Liaoning,Fushun,210400,0.5476,0.08007014,121.55,17.79568,8.51804
Liaoning,Dandong,210600,0.5476,0.0357343,75.76,23.95131,7.07431
Liaoning,Jinzhou,210700,0.5476,0.07055922,94.58,27.89192,5.5142
Liaoning,Yingkou,210800,0.5476,0.09896333,93.77,25.11315,22.71851
Liaoning,Liaoyang,211000,0.5476,0.05602355,82.8,21.29469,8.94399
Liaoning,Panjin,211100,0.5476,0.12305106,98.57,21.00965,10.0446
Liaoning,Tieling,211200,0.5476,0.01777433,53.4,23.82291,5.34246
Liaoning,Chaoyang,211300,0.5476,0.03217029,61,31.83135,3.80554
Jilin,Changchun,220100,0.593621034,0.5797943,436.19,107.49675,14.9902
Jilin,Jilin,220200,0.593621034,0.10137849,176.51,41.11089,12.57
Jilin,Siping,220300,0.593621034,0.01999236,65.78,24.07889,3.17324
Jilin,Tonghua,220500,0.593621034,0.017002,42.48,20.15575,2.89199
Jilin,Songyuan,220700,0.593621034,0.03024874,55.15,31.09263,3.57916
Heilongjiang,Harbin,230100,0.593,0.43125277,551.39,108.0697,11.75803
Heilongjiang,Qiqihar,230200,0.593,0.04997966,126.51,60.58974,5.78226
Heilongjiang,Shuangyashan,230500,0.593,0.0202028,96.1,19.84343,3.5691
Heilongjiang,Daqing,230600,0.593,0.23235979,134.4,36.89535,19.40734
Heilongjiang,Jiamusi,230800,0.593,0.02234534,73.36,37.00794,2.16334
Heilongjiang,Qitaihe,230900,0.593,0.01966483,44.9,10.35681,2.16914
Heilongjiang,Mudanjiang,231000,0.593,0.03129646,80.63,35.18609,4.44792
Heilongjiang,Heihe,231100,0.593,0.00839503,17.66,29.06825,3.51762
Heilongjiang,Suihua,231200,0.593,0.02179341,79.12,51.33785,4.12693
Shanghai,Shanghai,310000,0.723333333,4.7219,2475.89,963.85132,84.15199
Jiangsu,Nanjing,320100,0.652,1.7421,739.36,183.86959,36.5832
Jiangsu,Xuzhou,320300,0.652,0.440345,329.16,105.68958,26.05917
Jiangsu,Changzhou,320400,0.652,0.855878,311.03,85.47676,46.63599
Jiangsu,Suzhou,320500,0.652,1.16115,402.66,262.12766,123.53753
Jiangsu,Nantong,320600,0.652,0.601393,312.31,118.09328,45.03896
Jiangsu,Lianyungang,320700,0.652,0.266589,223.26,57.46961,21.64188
Jiangsu,Huai'an,320800,0.652,0.329344,331.52,71.73479,17.45133
Jiangsu,Yancheng,320900,0.652,0.292383,245.23,122.8229,32.19512
Jiangsu,Yangzhou,321000,0.652,0.438185,228.11,71.12383,21.4664
Jiangsu,Zhenjiang,321100,0.652,0.23412,103.3,53.39472,21.61338
Jiangsu,Taizhou,321200,0.652,0.284329,162.14,69.74206,26.8197
Jiangsu,Suqian,321300,0.652,0.15601,177.77,64.1837,21.30508
Zhejiang,Hangzhou,330100,0.684416667,1.88591709,971.25,263.6227,43.56923
Zhejiang,Ningbo,330200,0.684416667,1.04711676,314.21,223.50944,72.38621
Zhejiang,Wenzhou,330300,0.684416667,0.33302639,177.91,117.59428,31.51605
Zhejiang,Jiaxing,330400,0.684416667,0.19064019,105.19,82.699,55.77363
Zhejiang,Huzhou,330500,0.684416667,0.18252401,105.49,60.69736,26.4778
Zhejiang,Shaoxing,330600,0.684416667,0.4678677,224.3,77.86417,41.09128
Zhejiang,Jinhua,330700,0.684416667,0.11254376,100.77,84.84768,34.97707
Zhejiang,Quzhou,330800,0.684416667,0.09981276,85.27,60.64818,17.78456
Zhejiang,Zhoushan,330900,0.684416667,0.11542534,71.26,37.65089,14.84404
Zhejiang,Taizhou,331000,0.684416667,0.22112686,205.04,83.6608,27.35615
Anhui,Wuhu,340200,0.698141667,0.37360047,215.2,61.92234,18.80178
Anhui,Bengbu,340300,0.698141667,0.11391946,116.39,36.92074,6.02011
Anhui,Huainan,340400,0.698141667,0.09733126,180.8,31.60411,6.00102
Anhui,Ma'anshan,340500,0.698141667,0.132754,81.99,32.033,20.75753
Anhui,Huaibei,340600,0.698141667,0.07623797,104.21,22.69902,5.80396
Anhui,Tongling,340700,0.698141667,0.10280994,90,21.39497,9.21089
Anhui,Anqing,340800,0.698141667,0.09743298,72.82,54.83011,9.82748
Anhui,Chuzhou,341100,0.698141667,0.10907487,57.3,53.38487,24.80657
Anhui,Fuyang,341200,0.698141667,0.10352029,232.19,64.89756,8.02695
Anhui,Suzhou,341300,0.698141667,0.09404879,196.56,50.19666,4.88108
Anhui,Lu'an,341500,0.698141667,0.09544063,208.74,60.88838,9.44029
Fujian,Fuzhou,350100,0.6264,0.77602894,305.26,100.4904,33.6904
Fujian,Xiamen,350200,0.6264,0.8066,293.8,108.46541,17.03671
Fujian,Putian,350300,0.6264,0.24246029,249.61,26.63182,8.78224
Fujian,Sanming,350400,0.6264,0.10603394,57.41,36.14366,13.06105
Fujian,Quanzhou,350500,0.6264,0.2520729,198.2,85.0265,41.69813
Fujian,Zhangzhou,350600,0.6264,0.31665646,177.19,52.19874,19.99044
Fujian,Nanping,350700,0.6264,0.07448881,85.3,36.63028,7.3326
Fujian,Longyan,350800,0.6264,0.14942897,108.83,37.66525,9.28447
Fujian,Ningde,350900,0.6264,0.133977,57.71,40.49201,24.00757
Jiangxi,Nanchang,360100,0.6604,0.44235774,321.57,92.55526,13.91488
Jiangxi,Jingdezhen,360200,0.6604,0.05865512,37.58,23.99485,4.42814
Jiangxi,Pingxiang,360300,0.6604,0.07169266,86.79,32.56737,5.52
Jiangxi,Jiujiang,360400,0.6604,0.14784928,106.15,75.15195,20.03508
Jiangxi,Xinyu,360500,0.6604,0.10262613,90.65,20.73441,8.34707
Jiangxi,Yingtan,360600,0.6604,0.06341053,64.28,24.98119,4.52943
Jiangxi,Ganzhou,360700,0.6604,0.18962692,237.14,109.36345,16.12703
Jiangxi,Ji'an,360800,0.6604,0.06188073,65.14,64.72564,9.21233
Jiangxi,Yichun,360900,0.6604,0.05454194,112.25,71.89713,19.65801
Jiangxi,Fuzhou,361000,0.6604,0.08642977,173.81,53.88588,7.47133
Jiangxi,Shangrao,361100,0.6604,0.14619993,222.23,81.47727,14.00272
Shandong,Jinan,370100,0.668223321,1.22296869,855.78,136.52948,28.07205
Shandong,Qingdao,370200,0.755623321,1.256073,740.61,171.87995,32.38874
Shandong,Zibo,370300,0.668223321,0.32671892,339.45,55.03295,34.67572
Shandong,Zaozhuang,370400,0.668223321,0.121092,227.65,35.20505,14.50709
Shandong,Dongying,370500,0.668223321,0.27111612,144.37,38.17284,35.02257
Shandong,Yantai,370600,0.694623321,0.56037743,319.27,95.27296,46.54351
Shandong,Weifang,370700,0.694623321,0.24423302,257.7,88.93794,56.26839
Shandong,Jining,370800,0.668223321,0.18812369,212.74,78.27901,27.87171
Shandong,Tai'an,370900,0.668223321,0.12302577,188.17,46.3385,18.95138
Shandong,Weihai,371000,0.694623321,0.212485,175.74,43.04436,11.23741
Shandong,Rizhao,371100,0.694623321,0.169648,155.04,32.0146,23.28298
Shandong,Dezhou,371400,0.668223321,0.11885156,149.44,62.28522,20.81557
Shandong,Liaocheng,371500,0.668223321,0.13370216,200.41,53.5665,60.18261
Shandong,Binzhou,371600,0.668223321,0.10127315,122.62,52.71088,109.98287
Shandong,Heze,371700,0.625623321,0.13631421,222.61,73.49896,17.55896
Henan,Kaifeng,410200,0.6142,0.09990589,169.83,41.42175,5.51551
Henan,Luoyang,410300,0.6142,0.33688121,395.92,66.66006,33.19867
Henan,Pingdingshan,410400,0.6142,0.1000035,111.17,42.45014,15.65826
Henan,Anyang,410500,0.6142,0.09413437,145.88,44.75833,14.43623
Henan,Hebi,410600,0.6142,0.05057148,66.99,16.60966,3.88403
Henan,Xinxiang,410700,0.6142,0.09983228,126.1,48.98824,17.47056
Henan,Jiaozuo,410800,0.6142,0.07657233,104.11,30.24378,20.72491
Henan,Puyang,410900,0.6142,0.07332721,80.7,33.00978,6.7536
Henan,Luohe,411100,0.6142,0.11478637,135.23,26.40976,4.84146
Henan,Sanmenxia,411200,0.6142,0.06125972,60.94,28.30249,10.68802
Henan,Nanyang,411300,0.6142,0.11858751,210.65,81.6681,15.73713
Henan,Shangqiu,411400,0.6142,0.06750738,198.65,56.18173,8.43757
Henan,Xinyang,411500,0.6142,0.07569899,161.3,64.6922,5.92736
Henan,Zhoukou,411600,0.6142,0.06233627,197.73,73.09928,5.72986
Henan,Zhumadian,411700,0.6142,0.06122743,87.12,65.57146,6.31701
Hubei,Wuhan,420100,0.6248,2.0012,944.42,220.40782,33.07989
Hubei,Huangshi,420200,0.6248,0.07735644,84.7,32.21089,13.91566
Hubei,Shiyan,420300,0.6248,0.1413492,120.44,45.81451,6.68645
Hubei,Yichang,420500,0.6248,0.24261951,128.68,68.01408,17.41976
Hubei,Xiangyang,420600,0.6248,0.30127024,228.64,70.49788,11.06951
Hubei,Jingmen,420800,0.6248,0.089647,78.01,31.00377,10.15834
Hubei,Jingzhou,421000,0.6248,0.10577409,107.24,56.21289,10.87907
Hubei,Xianning,421200,0.6248,0.04532868,60.84,32.05533,7.29585
Hubei,Suizhou,421300,0.6248,0.06147758,75.29,21.59515,2.55846
Hunan,Changsha,430100,0.6807,0.91969053,520.51,162.68337,21.22308
Hunan,Xiangtan,430300,0.6807,0.14857262,83.55,28.57527,10.25367
Hunan,Hengyang,430400,0.6807,0.15102756,95.61,66.30047,9.89768
Hunan,Shaoyang,430500,0.6807,0.05079016,68.14,69.9597,4.58282
Hunan,Yueyang,430600,0.6807,0.22401239,109.08,63.24823,10.14643
Hunan,Changde,430700,0.6807,0.1910696,138.17,64.11495,6.15859
Hunan,Yiyang,430900,0.6807,0.09081803,122.91,41.72543,4.90733
Hunan,Chenzhou,431000,0.6807,0.09387779,80.52,56.08157,9.63025
Hunan,Yongzhou,431100,0.6807,0.07034859,117.47,57.54568,5.77612
Hunan,Huaihua,431200,0.6807,0.04415745,37.82,56.03802,4.30779
Hunan,Loudi,431300,0.6807,0.07283544,60.1,36.04506,11.55362
Guangdong,Guangzhou,440100,0.654046875,3.0356,1034.91,297.16481,46.83333
Guangdong,Shenzhen,440300,0.654046875,3.4606,1766.18,501.24309,50.6967
Guangdong,Zhuhai,440400,0.654046875,0.4233,363.28,67.18565,13.83052
Guangdong,Shantou,440500,0.654046875,0.31195015,571.29,37.24613,15.78511
Guangdong,Foshan,440600,0.654046875,1.3276,486.64,98.27303,46.31418
Guangdong,Jiangmen,440700,0.654046875,0.22355227,148.92,45.52353,23.44698
Guangdong,Zhanjiang,440800,0.654046875,0.18554764,173.75,54.5374,17.67907
Guangdong,Maoming,440900,0.654046875,0.19925989,273.03,51.37838,8.14412
Guangdong,Zhaoqing,441200,0.654046875,0.12048918,152.67,41.69099,14.84712
Guangdong,Huizhou,441300,0.654046875,0.38351971,191.22,72.67335,36.68363
Guangdong,Meizhou,441400,0.654046875,0.05630322,97.82,42.51614,6.09776
Guangdong,Shanwei,441500,0.654046875,0.03949494,49.87,26.64381,2.74697
Guangdong,Heyuan,441600,0.654046875,0.05458274,67.57,33.36114,6.30113
Guangdong,Yangjiang,441700,0.654046875,0.09433809,124.87,26.37545,11.06004
Guangdong,Qingyuan,441800,0.654046875,0.10699585,154.57,42.87434,17.7415
Guangdong,Dongguan,441900,0.654046875,1.1438,1082.44,90.58541,68.91971
Guangdong,Zhongshan,442000,0.654046875,0.3851,208.12,46.58662,21.80497
Guangdong,Chaozhou,445100,0.654046875,0.09955135,158.12,20.17984,7.59806
Guangdong,Jieyang,445200,0.654046875,0.10934056,214.12,38.6857,15.79054
Guangdong,Yunfu,445300,0.654046875,0.04090532,69.95,25.70793,7.24387
Guangxi,Nanning,450100,0.6107,0.44548812,430.35,81.64829,9.96998
Guangxi,Liuzhou,450200,0.6107,0.23259377,190.92,37.97137,12.24058
Guangxi,Guilin,450300,0.6107,0.10168497,138.24,48.91884,6.55352
Guangxi,Wuzhou,450400,0.6107,0.07266182,81.22,26.71432,7.96153
Guangxi,Beihai,450500,0.6107,0.1379068,72.45,19.40226,8.22762
Guangxi,Guigang,450800,0.6107,0.08693817,207.28,32.66391,6.2297
Guangxi,Yulin,450900,0.6107,0.07084559,118.9,40.53871,6.82629
Guangxi,Baise,451000,0.6107,0.05766763,73.63,49.48397,46.20273
Guangxi,Hechi,451200,0.6107,0.04315619,101.55,40.60091,5.29529
Guangxi,Laibin,451300,0.6107,0.04862245,114.54,23.34495,12.0081
Hainan,Haikou,460100,0.70051,0.2358,220.43,36.95399,1.75632
Hainan,Sanya,460200,0.70051,0.0971,73.11,23.25017,0.28767
Chongqing,Chongqing,500000,0.647,2.60932361,2625.28,530.45603,68.09043
Sichuan,Chengdu,510100,0.5995,1.79647817,986.14,258.68282,39.68397
Sichuan,Zigong,510300,0.5995,0.10920321,144.34,29.76729,2.41302
Sichuan,Panzhihua,510400,0.5995,0.09375598,63.13,17.58063,13.97348
Sichuan,Luzhou,510500,0.5995,0.15093445,150.66,47.27061,7.81529
Sichuan,Mianyang,510700,0.5995,0.22192046,177.15,57.75968,9.4156
Sichuan,Neijiang,511000,0.5995,0.06517237,136.58,30.87009,6.45141
Sichuan,Nanchong,511300,0.5995,0.1005931,192.94,55.64951,3.52419
Sichuan,Meishan,511400,0.5995,0.08311079,132.28,36.92065,13.01028
Sichuan,Yibin,511500,0.5995,0.2390289,234.26,66.36884,11.80423
Sichuan,Dazhou,511700,0.5995,0.07524271,181.29,55.13858,8.13034
Sichuan,Ya'an,511800,0.5995,0.04158567,62.58,22.39728,11.24728
Sichuan,Ziyang,512000,0.5995,0.04400878,104.93,25.52252,1.18255
Guizhou,Guiyang,520100,0.5297,0.41375864,262.86,77.86135,15.3505
Guizhou,Liupanshui,520200,0.5297,0.0723728,172.05,34.1085,12.00821
Guizhou,Zunyi,520300,0.5297,0.1402278,231.78,82.50593,16.30881
Guizhou,Anshun,520400,0.5297,0.05853683,115.45,29.93971,3.32062
Guizhou,Bijie,520500,0.5297,0.05647827,172.79,70.83645,4.844
Guizhou,Tongren,520600,0.5297,0.03524131,55.66,47.12591,4.25515
Yunnan,Kunming,530100,0.492,0.61449397,523.62,83.77916,21.89803
Yunnan,Qujing,530300,0.492,0.17988454,141.7,53.93171,28.10246
Yunnan,Yuxi,530400,0.492,0.12928505,75.76,24.80736,12.03327
Yunnan,Zhaotong,530600,0.492,0.04551336,97.07,57.54469,13.15689
Tibet,Lhasa,540100,0.528,0.067111,41.66,45.21217,2.53993
Shaanxi,Xi'an,610100,0.554258333,1.166565,942.25,173.04672,18.66761
Shaanxi,Tongchuan,610200,0.554258333,0.045855,68.85,14.34508,2.92242
Shaanxi,Baoji,610300,0.554258333,0.16158447,189.63,41.87749,6.68922
Shaanxi,Xianyang,610400,0.554258333,0.07990675,90,52.97867,10.32033
Gansu,Lanzhou,620100,0.47055,0.30797736,216.08,50.29172,28.40573
Gansu,Tianshui,620500,0.47055,0.04819272,132.11,35.07949,1.79215
Gansu,Zhangye,620700,0.47055,0.0260693,51.93,19.67762,3.20112
Gansu,Jiuquan,620900,0.47055,0.02793016,45.49,20.86108,6.09807
Gansu,Qingyang,621000,0.47055,0.02822974,45.6,34.7735,4.24219
Qinghai,Xining,630100,0.3722,0.16053901,196.03,41.87512,62.00189
Ningxia,Yinchuan,640100,0.457,0.15564475,214.5,43.81513,42.681
Ningxia,Guyuan,640400,0.457,0.01842049,47.21,27.70717,3.06997
Xinjiang,Urumqi,650100,0.382049,0.41362068,390.13,50.40517,35.22653
Xinjiang,Hami,650500,0.382049,0.05947164,53.29,18.03508,12.92051
