city,citycode,route_total_distance,route_avg_distance,route_count_over_20km,route_ratio_over_20km,route_count_over_10km,route_ratio_over_10km,route_connectivity,network_connectivity,route_count,network_length_km,repetition_rate,average_circuity,count_circuity_over_2,ratio_circuity_over_2,count_circuity_over_1_5,ratio_circuity_over_1_5,average_stop_spacing,count_spacing_over_1km,ratio_spacing_over_1km,count_spacing_over_half_km,ratio_spacing_over_half_km,trip_number,variance,avg_total_headway,avg_peak_headway,count_peak_over_10min,ratio_peak_over_10min,count_peak_over_20min,ratio_peak_over_20min,count_avg_over_15min,ratio_avg_over_15min,count_avg_over_30min,ratio_avg_over_30min,min_velocity,operation_distance,vehicle_count,distance_per_fuel_vehicle,operation_total_distance_ratio,avg_speed,route_terminal_ratio,terminal_having_3_routes,avg_service_hour,e_price
Jincheng_Shanxi,140500,531.27765,11.80617,0,0,33,0.733333333,3.199346405,1.460784314,45,145.7288359,3.645659053,1.541012948,4,0.088888889,22,0.488888889,0.770039006,2,0.044444444,44,0.977777778,2240,6478.927536,31.77834201,28.77584204,18,0.4,34,0.755555556,22,0.488888889,34,0.755555556,15.88824645,26231299.88,608,43143.58533,49.37399471,16.29816541,1.25,0.055555556,11.64444444,0.5092
Cangzhou_Hebei,130900,1105.65632,12.28507022,4,0.044444444,68,0.755555556,4.494680851,1.441489362,90,211.592459,5.225405126,1.549438307,11,0.122222222,43,0.477777778,0.847739493,18,0.2,84,0.933333333,3818,19911.2971,22.69675263,17.43597884,29,0.322222222,75,0.833333333,36,0.4,74,0.822222222,14.57263502,46731793.64,720,64905.26894,42.26611181,15.33027502,1.914893617,0.212765957,11.84444444,0.630004167
Shuozhou_Shanxi,140600,601.543,11.79496078,3,0.058823529,34,0.666666667,2.836990596,1.329153605,51,178.11023,3.377363558,2.34446976,9,0.176470588,22,0.431372549,0.798343421,4,0.078431373,45,0.882352941,1679,5245.780797,25.3143556,18.13619048,9,0.176470588,40,0.784313725,10,0.196078431,33,0.647058824,17.10297152,18823088,426,44185.65258,31.29134243,18.11495011,1.275,0.075,11.11764706,0.5092
Hengshui_Hebei,131100,1231.34912,17.34294535,22,0.309859155,53,0.746478873,2.5,1.421130952,71,394.5638225,3.120785662,1.535403908,6,0.084507042,33,0.464788732,1.3114941,47,0.661971831,68,0.957746479,1438,3005.210145,54.54818065,38.47761194,4,0.056338028,14,0.197183099,8,0.112676056,14,0.197183099,17.76891886,21054762.64,248,84898.23645,17.09893831,18.75924495,1.69047619,0.119047619,11.56338028,0.630004167
Xinzhou_Shanxi,140900,337.50777,17.76356684,4,0.210526316,19,1,1.644897959,1.244897959,19,139.2445054,2.423849825,4.327826474,6,0.315789474,12,0.631578947,1.767416282,17,0.894736842,19,1,445,255.7373188,45.27344223,43.34586466,1,0.052631579,6,0.315789474,2,0.105263158,8,0.421052632,19.06975393,7541538.57,48,157115.3869,22.34478504,20.84706724,1.055555556,0,11.68421053,0.5092
Langfang_Hebei,131000,1943.03306,19.82686796,42,0.428571429,96,0.979591837,4.634340223,1.314785374,98,442.0434265,4.395570534,1.695299877,17,0.173469388,67,0.683673469,1.21613542,74,0.755102041,98,1,2861,11707.47645,28.31640454,18.5931677,1,0.010204082,79,0.806122449,1,0.010204082,68,0.693877551,18.54754569,58559643.4,701,83537.29444,30.13826404,19.60163675,1.606557377,0.114754098,12.46938776,0.630004167
Datong_Shanxi,140200,2087.3528,15.34818235,27,0.198529412,109,0.801470588,3.970230041,1.527740189,136,458.4881475,4.552686501,2.150996396,27,0.198529412,90,0.661764706,1.463143415,61,0.448529412,132,0.970588235,8245,95161.82428,16.27377748,11.97730552,83,0.610294118,124,0.911764706,86,0.632352941,119,0.875,16.40467084,118543446,1775,66785.04,56.79128416,17.49133785,1.6,0.164705882,12.96323529,0.5092
Yuncheng_Shanxi,140800,1249.70772,18.37805471,23,0.338235294,64,0.941176471,3.479474548,1.431855501,68,269.7934041,4.632091448,1.656574598,11,0.161764706,40,0.588235294,1.391208717,55,0.808823529,68,1,3250,12330.77536,19.01470588,17.13235294,10,0.147058824,62,0.911764706,18,0.264705882,65,0.955882353,16.80718521,59674581.78,426,140081.1779,47.75083071,18.81075292,1.658536585,0.146341463,13.41176471,0.5092
Linfen_Shanxi,141000,1096.94473,14.06339397,14,0.179487179,62,0.794871795,3.826196474,1.37279597,78,235.8950636,4.650138554,1.706129832,9,0.115384615,33,0.423076923,1.274339376,28,0.358974359,73,0.935897436,1665,10632.67935,25.70332428,22.17009895,34,0.435897436,54,0.692307692,38,0.487179487,46,0.58974359,17.1284134,22789232.28,455,50086.22479,20.77518735,18.43006841,1.625,0.104166667,6.935897436,0.5092
Chifeng_Inner Mongolia,150400,522.50003,14.51388972,6,0.166666667,27,0.75,2.234597156,1.265402844,36,201.1666978,2.597348545,2.728340896,10,0.277777778,21,0.583333333,0.957512253,16,0.444444444,36,1,1241,2175.95471,23.45980689,20.27777778,3,0.083333333,35,0.972222222,3,0.083333333,35,0.972222222,16.97885324,18789891.69,137,137152.4941,35.96151313,18.82085504,1.285714286,0.071428571,12.86111111,0.503
Lvliang_Shanxi,141100,1404.87793,18.48523592,20,0.263157895,70,0.921052632,5.408521303,1.558897243,76,241.7925522,5.810261389,1.391659093,7,0.092105263,18,0.236842105,1.307772677,45,0.592105263,76,1,2602,8671.123188,27.06584888,21.34848485,5,0.065789474,47,0.618421053,19,0.25,44,0.578947368,14.43952096,38232936.44,700,54618.48063,27.21441886,18.39918182,1.688888889,0.177777778,11.80263158,0.5092
Ulanqab_Inner Mongolia,150900,207.30547,12.19443941,0,0,11,0.647058824,2.466257669,1.245398773,17,80.21184527,2.584474516,2.316260849,6,0.352941176,15,0.882352941,0.772523428,4,0.235294118,15,0.882352941,1045,1808.780797,10.02501774,9.683600713,15,0.882352941,17,1,15,0.882352941,17,1,12.03254237,13449862.65,297,45285.73283,64.87943926,16.17384124,1.214285714,0.071428571,10.47058824,0.472
Chengde_Hebei,130800,2688.82649,15.54234965,46,0.265895954,132,0.76300578,5.542134831,1.403089888,173,462.47455,5.813998824,1.829909273,31,0.179190751,95,0.549132948,1.038721924,72,0.416184971,161,0.930635838,5294,34217.2971,40.84085746,30.13375774,33,0.190751445,75,0.433526012,30,0.173410405,70,0.404624277,16.55247387,76902571.49,1288,59706.96544,28.60079361,18.2548397,1.802083333,0.166666667,10.3699422,0.556133333
Qinhuangdao_Hebei,130300,3761.12962,17.9958355,55,0.263157895,190,0.909090909,4.89587242,1.347091932,209,755.0695149,4.981170006,1.82959773,51,0.244019139,136,0.650717703,1.946694566,100,0.4784689,205,0.980861244,4976,32797.44928,40.95250959,30.26822917,14,0.066985646,56,0.267942584,16,0.076555024,54,0.258373206,17.22086711,89708522.05,1090,82301.39638,23.85148376,19.61970685,1.953271028,0.177570093,11.16746411,0.556133333
Zhangjiakou_Hebei,130700,2605.00206,16.91559779,33,0.214285714,120,0.779220779,3.410784314,1.390196078,154,694.8382849,3.749076752,1.840099738,32,0.207792208,75,0.487012987,1.318875285,59,0.383116883,137,0.88961039,5817,42303.02717,34.33240379,22.94604124,54,0.350649351,76,0.493506494,56,0.363636364,69,0.448051948,14.90778348,82627710.03,1369,60356.25276,31.71886552,17.59805895,1.316239316,0.051282051,10.54545455,0.556133333
Ordos_Inner Mongolia,150600,1651.65348,18.15003824,31,0.340659341,72,0.791208791,3.211693548,1.413306452,91,434.9744376,3.797127687,1.654851888,12,0.131868132,53,0.582417582,2.110620659,51,0.56043956,90,0.989010989,4326,25075.5,22.37992661,16.59722222,32,0.351648352,73,0.802197802,38,0.417582418,74,0.813186813,15.30947693,65470825.99,766,85471.05221,39.63956531,19.05125268,1.12345679,0.024691358,11.9010989,0.472
Baoding_Hebei,130600,3773.01681,17.88159626,64,0.303317536,185,0.876777251,3.944080904,1.402141582,211,859.4597948,4.389986399,1.705628395,49,0.232227488,117,0.55450237,1.195061794,137,0.6492891,205,0.971563981,4477,41960.43297,27.86500513,20.39398672,14,0.066350711,141,0.668246445,19,0.090047393,117,0.55450237,17.21181972,79693703.73,1126,70775.93582,21.12201131,18.59782475,1.729508197,0.131147541,9.45971564,0.630004167
Handan_Hebei,130400,4063.57313,20.01760163,78,0.384236453,182,0.896551724,4.007180157,1.507180157,203,821.0995966,4.9489406,1.694130041,9,0.044334975,67,0.330049261,1.499529687,139,0.684729064,201,0.990147783,8460,94668.08696,24.63906962,19.13555875,46,0.226600985,170,0.837438424,78,0.384236453,168,0.827586207,17.77773592,158370230.7,1782,88872.18334,38.97314645,19.06492241,1.637096774,0.14516129,12.38423645,0.630004167
Jinzhou_Liaoning,210700,1147.4418,15.93669167,19,0.263888889,57,0.791666667,3.099082569,1.317431193,72,322.4170301,3.558874665,1.569553769,15,0.208333333,29,0.402777778,0.973473481,26,0.361111111,69,0.958333333,422,278.9492754,75.59868326,65.69090909,0,0,3,0.041666667,2,0.027777778,7,0.097222222,12.16103028,7361083.93,101,72882.01911,6.415213329,20.59123807,1.358490566,0.094339623,5.541666667,0.5476
Hohhot_Inner Mongolia,150100,3589.77764,19.94320911,92,0.511111111,166,0.922222222,5.711155378,1.411354582,180,692.9686632,5.180288562,2.006047031,24,0.133333333,103,0.572222222,1.502478392,153,0.85,180,1,11224,129213.2754,18.49502646,14.33918951,106,0.588888889,161,0.894444444,114,0.633333333,162,0.9,16.73393688,229529102.2,2500,91811.6409,63.93964341,17.61282559,2.337662338,0.246753247,14.40555556,0.472
Baotou_Inner Mongolia,150200,3225.08162,19.0833232,61,0.360946746,145,0.857988166,3.41660016,1.433359936,169,793.4318082,4.064724387,1.734986534,28,0.165680473,92,0.544378698,1.747486909,135,0.798816568,169,1,3370,44313.12319,30.3544324,25.65933763,59,0.349112426,114,0.674556213,88,0.520710059,108,0.639053254,17.08914732,60249974.04,1158,52029.33855,18.68168969,18.77474291,1.79787234,0.180851064,6.455621302,0.472
Tieling_Liaoning,211200,225.349,12.51938889,0,0,16,0.888888889,3.216374269,1.350877193,18,62.00315919,3.634476097,1.922422877,7,0.388888889,16,0.888888889,0.725616401,0,0,16,0.888888889,498,432.2826087,28.30975154,19.27777778,0,0,16,0.888888889,0,0,14,0.777777778,14.54299186,6133466,92,66668.1087,27.21763132,14.89716149,2,0.222222222,12.33333333,0.5476
Fushun_Liaoning,210400,2877.16094,16.44091966,52,0.297142857,140,0.8,6.443165468,1.529496403,175,408.5755261,7.041931678,1.590737786,23,0.131428571,77,0.44,0.926372259,48,0.274285714,164,0.937142857,5237,34693.82428,37.33648581,26.59766454,33,0.188571429,94,0.537142857,23,0.131428571,84,0.48,16.71006145,85507964.7,1429,59837.624,29.71956261,17.93498453,1.715686275,0.156862745,11.44,0.5476
Anshan_Liaoning,210300,2767.20117,13.76717,24,0.119402985,147,0.731343284,5.118357488,1.602657005,201,433.254864,6.387005433,1.74247598,9,0.044776119,70,0.348258706,0.895859476,49,0.243781095,194,0.965174129,6774,56554.45652,36.00777146,26.49764487,51,0.253731343,87,0.432835821,50,0.248756219,84,0.417910448,15.69617436,91630026.78,1886,48584.31961,33.11288958,18.00611523,1.405594406,0.06993007,10.3880597,0.5476
Dandong_Liaoning,210600,2033.90197,19.18775443,41,0.386792453,94,0.886792453,3.829427083,1.47265625,106,433.0351133,4.696852305,1.421152809,3,0.028301887,41,0.386792453,1.064071418,45,0.424528302,102,0.962264151,1823,11163.51993,37.67751799,26.53439893,36,0.339622642,51,0.481132075,37,0.349056604,47,0.443396226,11.82310757,30106369.27,739,40739.33595,14.80227155,18.32502855,1.514285714,0.128571429,6.320754717,0.5476
Chaoyang_Liaoning,211300,726.33216,16.50754909,5,0.113636364,39,0.886363636,4.125,1.311046512,44,167.589941,4.333984223,1.795542926,13,0.295454545,30,0.681818182,0.998502976,19,0.431818182,43,0.977272727,1644,4066.695652,20.64302187,16.25170068,3,0.068181818,38,0.863636364,16,0.363636364,37,0.840909091,12.37862992,27084186.96,323,83851.97201,37.28898216,16.40805984,1.62962963,0.111111111,11.59090909,0.5476
Yingkou_Liaoning,210800,2202.94563,12.51673653,5,0.028409091,127,0.721590909,3.70008643,1.595505618,176,487.7650247,4.516407529,1.699557353,22,0.125,112,0.636363636,0.913039211,35,0.198863636,152,0.863636364,4309,26042.86775,34.56068843,25.8684669,21,0.119318182,58,0.329545455,22,0.125,54,0.306818182,15.4425639,51325283.91,835,61467.40588,23.29847964,17.20903171,1.466666667,0.1,11.05681818,0.5476
Liaoyang_Liaoning,211000,1747.86161,15.60590723,26,0.232142857,94,0.839285714,4.983221477,1.454697987,112,313.1807653,5.580999231,2.059935852,22,0.196428571,65,0.580357143,0.918399538,37,0.330357143,104,0.928571429,1764,4630.695652,60.27521666,38.07207207,4,0.035714286,16,0.142857143,6,0.053571429,14,0.125,18.28069062,25446140.42,442,57570.45344,14.55844117,18.81994612,1.777777778,0.19047619,10.20535714,0.5476
Songyuan_Jilin,220700,323.59257,11.98491,2,0.074074074,18,0.666666667,2.298561151,1.374100719,27,104.4354123,3.098494687,2.114351923,9,0.333333333,16,0.592592593,0.888956665,6,0.222222222,24,0.888888889,1816,5354.231884,13.07064816,10.00472984,14,0.518518519,27,1,20,0.740740741,27,1,15.89163946,21724490.92,457,47537.17926,67.13532057,17.27601971,1.35,0.1,12.96296296,0.593621034
Siping_Jilin,220300,646.995,13.20397959,2,0.040816327,42,0.857142857,3.729452055,1.373287671,49,167.3074124,3.867103022,3.0864183,20,0.408163265,27,0.551020408,0.865736209,3,0.06122449,44,0.897959184,2297,8318.21558,24.11534221,18.26385317,17,0.346938776,43,0.87755102,22,0.448979592,31,0.632653061,15.36345955,28398995,400,70997.4875,43.89368542,17.33127331,1.4,0.057142857,11.44897959,0.593621034
Shuangyashan_Heilongjiang,230500,591.48789,10.02521847,0,0,33,0.559322034,3.590062112,1.736024845,59,108.1718956,5.468036656,1.926581375,14,0.237288136,37,0.627118644,0.620034366,0,0,45,0.762711864,1503,5950.853261,21.62845359,16.58837772,13,0.220338983,55,0.93220339,17,0.288135593,52,0.881355932,15.80168979,14950084.65,371,40296.72412,25.27538586,16.69770011,1.229166667,0.020833333,8.779661017,0.593
Tonghua_Jilin,220500,1042.92616,12.12704837,9,0.104651163,52,0.604651163,4.945031712,1.384778013,86,213.8574616,4.876734962,1.662100246,10,0.11627907,47,0.546511628,0.724913633,16,0.186046512,66,0.76744186,2939,11098.7808,32.65205553,24.38145969,20,0.23255814,41,0.476744186,20,0.23255814,37,0.430232558,13.73731868,33395308.36,613,54478.4802,32.02077927,14.37830172,1.72,0.14,9.139534884,0.593621034
Changzhi_Shanxi,140400,4590.06256,20.13185333,108,0.473684211,197,0.864035088,3.636973764,1.484441733,228,1071.210244,4.284931539,1.640269465,37,0.162280702,131,0.574561404,1.2025566,127,0.557017544,218,0.956140351,6318,56105.93478,37.44772236,27.47199302,31,0.135964912,88,0.385964912,46,0.201754386,86,0.377192982,17.55393816,109112760.7,1328,82163.2234,23.77151929,19.45114405,1.425,0.075,9.407894737,0.5092
Jiamusi_Heilongjiang,230800,800.12245,11.11281181,5,0.069444444,40,0.555555556,4.246537396,1.484764543,72,190.5453364,4.199118516,1.841933781,13,0.180555556,35,0.486111111,0.653106034,10,0.138888889,56,0.777777778,3017,12502.21558,21.99901608,16.47142857,12,0.166666667,61,0.847222222,20,0.277777778,58,0.805555556,14.54399074,31837618.07,464,68615.55619,39.79093209,15.77187034,1.384615385,0.076923077,9.888888889,0.593
Panjin_Liaoning,211100,2956.62974,20.96900525,54,0.382978723,119,0.843971631,3.448425624,1.415852334,141,685.2938819,4.314396813,1.835255522,23,0.163120567,71,0.503546099,1.554113305,75,0.531914894,130,0.921985816,4115,27783.12862,37.14904566,26.45460183,33,0.234042553,58,0.411347518,33,0.234042553,56,0.397163121,15.43403244,72725763.18,1035,70266.43786,24.59752136,19.65315491,1.424242424,0.090909091,9.574468085,0.5476
Heihe_Heilongjiang,231100,243.9845,13.55469444,2,0.111111111,14,0.777777778,2.57615894,1.271523179,18,87.88326777,2.776233818,1.471708264,0,0,7,0.388888889,0.990549966,4,0.222222222,14,0.777777778,1281,2883.983696,37.51811222,32.11111111,5,0.277777778,8,0.444444444,5,0.277777778,7,0.388888889,14.66548084,13592976.26,128,106195.127,55.71245821,15.24435533,1,0,10.22222222,0.593
Qiqihar_Heilongjiang,230200,1555.48429,17.67595784,21,0.238636364,82,0.931818182,3.879598662,1.45819398,88,389.3761334,3.994811589,2.718899146,20,0.227272727,62,0.704545455,1.40169278,34,0.386363636,87,0.988636364,5065,38824.91123,20.18975501,15.30348166,54,0.613636364,74,0.840909091,54,0.613636364,72,0.818181818,14.58050945,75787161.69,1296,58477.74822,48.72255038,15.60776873,1.157894737,0.013157895,11.875,0.593
Qitaihe_Heilongjiang,230900,862.34126,13.26678862,12,0.184615385,44,0.676923077,3.194630872,1.331096197,65,224.7696489,3.836555622,1.583323894,10,0.153846154,27,0.415384615,1.257893272,22,0.338461538,52,0.8,1488,3981.043478,52.15707631,35.26885758,21,0.323076923,29,0.446153846,21,0.323076923,21,0.323076923,16.76478893,18286136.89,539,33926.04247,21.20522088,18.01442575,1.585365854,0.12195122,7.061538462,0.593
Suihua_Heilongjiang,231200,546.88065,14.02258077,4,0.102564103,21,0.538461538,3.072599532,1.468384075,39,166.5303533,3.283969794,1.87606018,13,0.333333333,24,0.615384615,0.754343506,4,0.102564103,22,0.564102564,601,667.8677536,55.69812155,29.73359073,2,0.051282051,2,0.051282051,2,0.051282051,2,0.051282051,12.37948192,7358526.36,89,82680.07146,13.45545204,14.10692358,1.5,0.038461538,11.33333333,0.593
Shijiazhuang_Hebei,130100,7902.5625,17.0313847,116,0.25,405,0.872844828,4.279467681,1.533079848,464,1656.932287,4.769393755,1.612363137,35,0.075431034,204,0.439655172,1.101962461,199,0.42887931,455,0.980603448,19719,385997.0272,27.2599368,19.79048122,137,0.295258621,343,0.739224138,126,0.271551724,326,0.702586207,17.4534205,310201744.9,4863,63788.14413,39.25331118,18.48413627,1.750943396,0.139622642,13.26508621,0.556133333
Taiyuan_Shanxi,140100,7184.27958,14.72188439,77,0.157786885,377,0.772540984,5.994371482,1.636647905,488,1065.798694,6.740747215,1.730944825,72,0.147540984,221,0.452868852,1.506354566,311,0.637295082,474,0.971311475,19411,396810.1721,29.10915802,23.13326071,163,0.334016393,288,0.590163934,174,0.356557377,295,0.604508197,17.6988092,278008008.8,4895,56794.28168,38.69671353,19.03650651,1.936507937,0.198412698,11.15778689,0.5092
Daqing_Heilongjiang,230600,3951.89892,21.47771152,83,0.451086957,175,0.951086957,4.965973535,1.503780718,184,757.2575794,5.218698403,2.250737497,43,0.233695652,114,0.619565217,1.641227764,118,0.641304348,184,1,3583,17778.65036,43.27858495,31.13375796,2,0.010869565,85,0.461956522,1,0.005434783,65,0.35326087,11.46601323,74995695.83,1001,74920.77505,18.97712906,20.16462479,2.3,0.2,10.32608696,0.593
Jilin_Jilin,220200,2965.94695,13.54313676,39,0.178082192,145,0.662100457,4.330526316,1.406315789,219,639.9350141,4.634762725,2.138812739,33,0.150684932,107,0.488584475,0.991408263,58,0.264840183,186,0.849315068,7486,75040.25362,34.65135748,26.71823833,54,0.246575342,102,0.465753425,56,0.255707763,99,0.452054795,14.18518996,86363658.68,1674,51591.19395,29.11840978,16.94294135,1.955357143,0.196428571,10.0913242,0.593621034
Mudanjiang_Heilongjiang,231000,2930.19239,20.20822338,43,0.296551724,111,0.765517241,3.812108559,1.544885177,145,563.8807864,5.196474966,1.545110099,21,0.144827586,60,0.413793103,1.414587059,85,0.586206897,141,0.972413793,5142,37470.28261,34.1261701,26.67403874,49,0.337931034,65,0.448275862,53,0.365517241,68,0.468965517,12.38406505,76558416.88,1356,56459.0095,26.12743694,15.77687907,1.330275229,0.055045872,8.234482759,0.593
Xingtai_Hebei,130500,9108.98241,34.37351853,163,0.61509434,263,0.99245283,5.958490566,1.41509434,265,1268.395909,7.181497783,1.596323731,32,0.120754717,122,0.460377358,2.054743908,194,0.732075472,265,1,5771,47308.7808,40.84687775,28.04514558,25,0.094339623,84,0.316981132,27,0.101886792,78,0.294339623,17.95051353,131652040.4,1381,95330.94888,14.45299096,20.54324436,1.615853659,0.097560976,9.01509434,0.630004167
Xuzhou_Jiangsu,320300,3766.56606,20.47046772,63,0.342391304,154,0.836956522,2.874069059,1.432633717,184,985.7290774,3.821096634,1.613300021,19,0.10326087,86,0.467391304,1.629143621,99,0.538043478,184,1,2368,7655.101449,56.58764448,36.22159091,4,0.02173913,18,0.097826087,8,0.043478261,21,0.114130435,20.61590844,45827391.9,498,92022.8753,12.1668892,22.55610813,1.333333333,0.057971014,10.02717391,0.652
Huai'an_Jiangsu,320800,2180.35218,21.16846777,41,0.398058252,98,0.951456311,2.676567657,1.234323432,103,689.1988554,3.16360389,1.530663527,9,0.087378641,43,0.417475728,1.649537915,80,0.776699029,103,1,1474,3154.688406,51.29904103,38.03571429,2,0.019417476,13,0.126213592,2,0.019417476,17,0.165048544,18.47644064,35284343.7,315,112013.7895,16.18286441,23.762588,1.537313433,0.074626866,9.54368932,0.652
Shenyang_Liaoning,210100,11027.02945,16.60697206,162,0.243975904,558,0.840361446,4.213304924,1.568892045,664,2151.402914,5.125506421,1.57137447,54,0.081325301,315,0.47439759,1.262328854,438,0.659638554,659,0.99246988,14071,399515.2591,47.7904073,31.13795375,174,0.262048193,349,0.52560241,170,0.256024096,315,0.47439759,14.76793277,226998201.8,4160,54566.87544,20.58561672,16.99732566,1.43412527,0.079913607,8.22439759,0.5476
Lianyungang_Jiangsu,320700,7416.08554,23.32102371,172,0.540880503,297,0.933962264,4.646017699,1.394358407,318,1443.332695,5.138167774,1.712874539,47,0.147798742,171,0.537735849,1.581207233,240,0.754716981,318,1,5273,37315.60688,51.80684901,35.3778904,9,0.028301887,89,0.279874214,16,0.050314465,71,0.22327044,20.6889214,118969742,1347,88322.00594,16.04212106,21.85033374,1.65625,0.125,9.160377358,0.652
Zhenjiang_Jiangsu,321100,5049.04808,17.23224601,81,0.276450512,240,0.819112628,5.899441341,1.476456504,293,771.4605192,6.544791282,1.681370598,38,0.129692833,170,0.580204778,1.158488664,156,0.532423208,287,0.979522184,5510,38699.21014,45.46231119,31.14918946,9,0.030716724,111,0.37883959,8,0.027303754,75,0.255972696,18.84253985,95784127.8,1139,84094.93222,18.97072998,19.73915296,2.382113821,0.308943089,10.90102389,0.652
Suqian_Jiangsu,321300,3943.79493,22.28132729,103,0.581920904,175,0.988700565,3.848528356,1.534099067,177,890.3849929,4.429314242,1.712141458,22,0.124293785,97,0.548022599,1.453089588,150,0.847457627,177,1,4742,28372.68841,32.97399669,24.31881533,12,0.06779661,83,0.468926554,10,0.056497175,72,0.406779661,17.10155587,102392042.3,1041,98359.31053,25.96282111,20.51661104,2.298701299,0.25974026,11.57627119,0.652
Taizhou_Jiangsu,321200,5794.46395,23.08551375,158,0.629482072,244,0.972111554,4.465029365,1.334223171,251,1210.019377,4.788736495,1.707002193,48,0.19123506,160,0.637450199,1.432913038,204,0.812749004,249,0.992031873,5193,36086.33152,43.36841959,31.41322314,14,0.055776892,99,0.394422311,14,0.055776892,98,0.390438247,20.14783938,118805906.4,1344,88397.25175,20.50334723,20.97040119,2.109243697,0.18487395,10.28286853,0.652
Nantong_Jiangsu,320600,11814.63485,21.21119363,228,0.409335727,465,0.834829443,4.092479109,1.4545961,557,2302.946727,5.13022499,1.821803217,86,0.154398564,303,0.543985637,1.938340417,377,0.676840215,549,0.985637343,8764,148033.7971,38.79820426,29.77824653,21,0.037701975,256,0.459605027,49,0.087971275,244,0.438061041,19.5337868,176734841.8,2228,79324.43529,14.95897623,21.18442964,1.996415771,0.197132616,8.007181329,0.652
Yancheng_Jiangsu,320900,6529.10104,21.3369315,130,0.424836601,289,0.944444444,3.35904685,1.372778675,306,1808.968726,3.609294592,1.860481363,78,0.254901961,194,0.633986928,1.615746501,240,0.784313725,305,0.996732026,8824,102407.5362,37.89183271,29.46847291,31,0.10130719,157,0.513071895,35,0.114379085,150,0.490196078,19.06325134,185117951.3,1758,105300.3136,28.35274721,20.63037666,1.949044586,0.152866242,11.38235294,0.652
Changchun_Jilin,220100,9293.13247,17.8714086,130,0.25,426,0.819230769,3.686120274,1.555950266,520,2039.796884,4.555910711,1.615127207,80,0.153846154,259,0.498076923,1.078449275,172,0.330769231,462,0.888461538,35274,1476756.37,18.87440564,14.05286974,291,0.559615385,443,0.851923077,296,0.569230769,436,0.838461538,15.01395345,518039845.1,8254,62762.2783,55.74437325,15.93856934,1.323155216,0.058524173,13.18076923,0.593621034
Harbin_Heilongjiang,230100,13778.83917,18.97911731,300,0.41322314,619,0.85261708,5.036047082,1.622363904,726,2050.207334,6.72070524,1.736445047,136,0.187327824,408,0.561983471,1.636698857,482,0.663911846,679,0.935261708,14404,689184.4058,36.44356754,24.43636143,241,0.331955923,459,0.632231405,249,0.342975207,415,0.571625344,16.76707657,267613706,5241,51061.57336,19.42207922,18.20335321,1.362101313,0.080675422,7.286501377,0.593
Yangzhou_Jiangsu,321000,7791.1385,19.57572487,150,0.376884422,353,0.886934673,4.765784983,1.255119454,398,1552.565394,5.018235322,1.762538363,62,0.155778894,218,0.547738693,1.818178102,263,0.66080402,393,0.987437186,9502,100535.3841,44.42294834,35.72091531,40,0.100502513,175,0.439698492,56,0.140703518,168,0.422110553,19.00315051,198573348.3,2386,83224.3706,25.48707718,20.25276876,2.062176166,0.186528497,9.319095477,0.652
Jiaxing_Zhejiang,330400,5050.0931,15.3966253,66,0.201219512,283,0.862804878,4.751483191,1.461437047,328,990.2297217,5.099920745,1.895005178,91,0.277439024,228,0.695121951,1.216909177,207,0.631097561,324,0.987804878,8365,88353.56341,39.88661488,30.65158979,37,0.112804878,148,0.451219512,48,0.146341463,142,0.432926829,17.77600797,133679236.3,1637,81661.10955,26.47064791,18.90670953,1.918128655,0.169590643,10.96036585,0.684416667
Changzhou_Jiangsu,320400,12536.44413,16.25997942,202,0.261997406,587,0.761348898,4.101040119,1.452345574,771,2715.43689,4.616731906,1.73418538,164,0.212710765,458,0.594033722,1.164827917,376,0.48767834,746,0.967574578,17893,371129.3025,48.41861858,37.66900932,73,0.094682231,306,0.39688716,72,0.093385214,255,0.3307393,15.50393633,302843615.3,4010,75522.09857,24.15705858,17.91589987,1.966836735,0.209183673,10.28793774,0.652
Zhoushan_Zhejiang,330900,4454.52241,19.71027615,100,0.442477876,190,0.840707965,6.054835494,1.570289133,226,679.3112258,6.557410272,1.938828484,64,0.283185841,159,0.703539823,1.175802351,130,0.575221239,225,0.995575221,4064,22253.10145,46.72280284,31.72767857,14,0.061946903,81,0.35840708,12,0.053097345,66,0.292035398,18.76408396,88579679.69,898,98641.0687,19.88533709,20.53532786,1.808,0.192,9.420353982,0.684416667
Bengbu_Anhui,340300,2172.34252,13.49281068,9,0.055900621,123,0.763975155,3.457568807,1.572247706,161,488.3861646,4.44800176,1.639952907,22,0.136645963,97,0.602484472,1.19391494,84,0.52173913,158,0.98136646,4982,30483.99275,36.63538919,27.44688645,28,0.173913043,85,0.527950311,32,0.198757764,77,0.47826087,14.44398625,65886375.51,1027,64154.21179,30.32964411,16.96105469,1.712765957,0.14893617,10.24223602,0.698141667
Ma'anshan_Anhui,340500,1488.62717,12.61548449,7,0.059322034,83,0.703389831,3.703588144,1.344773791,118,358.4948877,4.152436258,2.174584197,38,0.322033898,72,0.610169492,0.829932787,13,0.110169492,116,0.983050847,4360,23660.84058,37.86356004,28.89024481,25,0.211864407,67,0.56779661,29,0.245762712,61,0.516949153,17.14198819,53719314.13,641,83805.48226,36.08647969,17.92108113,1.787878788,0.196969697,12.20338983,0.698141667
Huzhou_Zhejiang,330500,7880.60055,20.36330891,160,0.413436693,313,0.80878553,4.761548065,1.54556804,387,1322.118731,5.9605846,1.969202581,110,0.284237726,261,0.674418605,1.406159003,249,0.643410853,382,0.987080103,6249,50492.24457,53.64865341,39.23240938,13,0.033591731,101,0.260981912,12,0.031007752,74,0.19121447,19.2609209,113517367,1532,74097.49806,14.40465943,21.87182235,2.080645161,0.215053763,9.483204134,0.684416667
Wenzhou_Zhejiang,330300,9231.02092,20.83751901,227,0.51241535,382,0.862302483,5.979331574,1.706244503,443,1254.345022,7.359235904,2.334237594,145,0.32731377,343,0.774266366,1.331190134,295,0.665914221,429,0.968397291,10694,122875.9058,41.81887792,29.89613095,27,0.060948081,170,0.383747178,35,0.079006772,155,0.349887133,15.24691955,229141153.1,2117,108238.6174,24.82294809,18.13410639,1.697318008,0.141762452,11.56884876,0.684416667
Huainan_Anhui,340400,2674.50416,17.36691013,51,0.331168831,130,0.844155844,4.506634499,1.399276236,154,560.5699263,4.771044672,1.553168465,20,0.12987013,66,0.428571429,1.05530388,70,0.454545455,150,0.974025974,3871,17069.08514,41.36452207,32.00634485,25,0.162337662,58,0.376623377,28,0.181818182,55,0.357142857,18.26486838,73867877.86,775,95313.39079,27.61927948,19.25779094,1.949367089,0.17721519,9.512987013,0.698141667
Taizhou_Zhejiang,331000,5132.21915,18.19935869,106,0.375886525,245,0.868794326,3.70545829,1.470133883,282,1172.195965,4.378294504,1.716636431,53,0.187943262,178,0.631205674,1.118709451,144,0.510638298,277,0.982269504,4738,24964.25362,55.91752752,33.62857143,9,0.031914894,21,0.074468085,10,0.035460993,19,0.067375887,20.62226004,90549332.57,913,99177.80128,17.64330983,21.70280697,1.918367347,0.176870748,12.17730496,0.684416667
Huaibei_Anhui,340600,1707.68861,20.32962631,39,0.464285714,81,0.964285714,3.770609319,1.487455197,84,368.8138781,4.630217873,1.694233506,13,0.154761905,47,0.55952381,1.362466486,55,0.654761905,84,1,1797,4496.11413,40.92162093,27.3032967,8,0.095238095,32,0.380952381,10,0.119047619,28,0.333333333,17.96873322,33411434.94,492,67909.42061,19.56529706,19.83307711,1.58490566,0.169811321,8.773809524,0.698141667
Chuzhou_Anhui,341100,580.023,22.30857692,14,0.538461538,24,0.923076923,2.391549296,1.25915493,26,218.1081442,2.659336735,2.092520088,5,0.192307692,21,0.807692308,1.468925085,19,0.730769231,26,1,1066,1513.731884,20,20,0,0,24,0.923076923,4,0.153846154,26,1,19.90648267,24014353,108,222355.1204,41.40241508,21.2830246,1.238095238,0.047619048,13.80769231,0.698141667
Anqing_Anhui,340800,1521.76746,14.35629679,10,0.094339623,96,0.905660377,3.553571429,1.418154762,106,388.9035876,3.912968429,1.730304404,23,0.216981132,68,0.641509434,0.935489609,38,0.358490566,105,0.990566038,3761,18716.47645,33.0185701,26.06043956,19,0.179245283,69,0.650943396,20,0.188679245,64,0.603773585,15.61698585,53547311.02,579,92482.40245,35.18757788,18.49587501,1.892857143,0.214285714,12.50943396,0.698141667
Tongling_Anhui,340700,2825.98196,18.11526897,59,0.378205128,131,0.83974359,4.407017544,1.343859649,156,595.8238316,4.742982422,1.998608083,33,0.211538462,96,0.615384615,1.059984826,71,0.455128205,154,0.987179487,4249,24064.91123,40.44320147,31.10153061,24,0.153846154,76,0.487179487,23,0.147435897,64,0.41025641,17.31486798,73845055.12,1084,68122.74458,26.13075956,19.30722478,1.813953488,0.186046512,10.80128205,0.698141667
Suzhou_Anhui,341300,2459.68678,43.92297821,49,0.875,54,0.964285714,2.661764706,1.225490196,56,629.8628377,3.905114944,1.542512279,5,0.089285714,25,0.446428571,2.883146822,53,0.946428571,56,1,504,414.2608696,64.69273246,55.15789474,0,0,2,0.035714286,2,0.035714286,4,0.071428571,23.44076989,17777606.4,116,153255.2276,7.227589523,29.33448378,1.866666667,0.133333333,6.339285714,0.698141667
Quzhou_Zhejiang,330800,3983.49468,23.85326156,99,0.592814371,148,0.886227545,3.9104,1.3024,167,891.8876725,4.46636365,1.660213424,27,0.161676647,98,0.586826347,1.709164836,126,0.754491018,167,1,1023,1581.809783,73.21180617,69.11904762,1,0.005988024,9,0.053892216,0,0,9,0.053892216,16.31388306,22451722.89,267,84088.84978,5.636187492,23.50842556,1.605769231,0.086538462,4.928143713,0.684416667
Fuyang_Anhui,341200,2023.40471,20.43843141,46,0.464646465,86,0.868686869,2.90725327,1.337693222,99,592.9862314,3.412228822,1.495343222,6,0.060606061,35,0.353535354,1.327205059,72,0.727272727,99,1,2072,6315.971014,46.67865031,31.86666667,9,0.090909091,25,0.252525253,13,0.131313131,29,0.292929293,22.90487029,50098744.26,410,122192.0592,24.75962619,24.90476303,1.455882353,0.088235294,10.33333333,0.698141667
Wuhu_Anhui,340200,7302.01218,18.11913692,110,0.272952854,346,0.858560794,4.393714535,1.419903972,403,1444.960416,5.053434059,1.870384604,91,0.225806452,276,0.684863524,1.19279016,200,0.496277916,394,0.977667494,13242,214157.9348,26.74360344,19.93678604,79,0.196029777,298,0.739454094,80,0.198511166,237,0.58808933,18.38322579,230215504.8,2714,84825.16757,31.52768019,19.57259479,1.840182648,0.150684932,11.04218362,0.698141667
Quanzhou_Fujian,350500,2868.33856,18.38678564,50,0.320512821,134,0.858974359,4.827417381,1.424724602,156,502.4289514,5.708943627,2.396305283,47,0.301282051,120,0.769230769,1.415240187,90,0.576923077,151,0.967948718,4937,27976.91123,37.24954465,27.92421413,35,0.224358974,81,0.519230769,28,0.179487179,76,0.487179487,18.45551558,99625588.45,1073,92847.70592,34.7328554,19.32943199,1.529411765,0.078431373,11.95512821,0.6264
Suzhou_Jiangsu,320500,19411.05608,15.46697696,309,0.246215139,937,0.746613546,4.711622126,1.514139217,1255,3751.136739,5.174713009,2.393282182,404,0.321912351,893,0.711553785,1.208607262,664,0.529083665,1213,0.966533865,29546,974198.6014,39.95049798,29.69997605,87,0.069322709,622,0.49561753,95,0.075697211,563,0.448605578,17.7058309,518835304,7090,73178.46318,26.72885503,18.63553092,2.043973941,0.236156352,10.81115538,0.652
Sanming_Fujian,350400,2842.96035,14.73036451,43,0.222797927,123,0.637305699,5.727124183,1.717320261,193,444.8186983,6.391278876,2.246989083,57,0.295336788,109,0.564766839,1.186485321,69,0.357512953,148,0.766839378,3104,23367.27536,35.9633013,26.15790043,50,0.259067358,85,0.440414508,53,0.274611399,75,0.388601036,15.09396095,39936170.74,940,42485.28802,14.04738928,19.1476595,1.787037037,0.148148148,7.10880829,0.6264
Nanping_Fujian,350700,1663.27766,12.99435672,17,0.1328125,78,0.609375,4.400662252,1.490066225,128,313.6567817,5.302858912,1.879834473,34,0.265625,72,0.5625,0.987807069,37,0.2890625,103,0.8046875,2707,15924.95471,26.3538056,18.70345102,26,0.203125,100,0.78125,31,0.2421875,71,0.5546875,16.38480125,35519473.75,746,47613.23559,21.35510781,19.05308655,1.471264368,0.126436782,8.640625,0.6264
Ningde_Fujian,350900,1257.13009,17.70605761,19,0.267605634,56,0.788732394,4.175131349,1.467600701,71,225.3990105,5.577354075,2.113045016,25,0.352112676,55,0.774647887,1.067578593,34,0.478873239,68,0.957746479,3749,16558.51993,22.94842635,18.16672764,24,0.338028169,60,0.845070423,28,0.394366197,60,0.845070423,12.31905101,62452013.47,789,79153.37575,49.6782425,15.46193708,1.613636364,0.113636364,13.43661972,0.6264
Jinhua_Zhejiang,330700,7061.91127,15.15431603,106,0.227467811,303,0.650214592,4.334159643,1.471492315,466,1395.770172,5.05950866,1.657750865,80,0.17167382,252,0.540772532,1.511171716,256,0.549356223,464,0.995708155,6419,57288.69384,55.19367257,45.01503556,21,0.045064378,111,0.238197425,24,0.051502146,92,0.197424893,16.26786777,107186968.4,1711,62645.80267,15.17818113,20.23996175,1.60137457,0.137457045,6.841201717,0.684416667
Longyan_Fujian,350800,2285.26689,17.44478542,21,0.160305344,107,0.816793893,5.320689655,1.575862069,131,438.0676832,5.21669819,1.811754774,30,0.229007634,91,0.694656489,1.335340747,43,0.328244275,124,0.946564885,5019,30745.33152,25.45352929,20.60805861,38,0.290076336,92,0.702290076,50,0.381679389,97,0.740458015,15.31210211,77675637.1,976,79585.69375,33.98974424,17.76066132,1.423913043,0.076086957,11.29770992,0.6264
Jingdezhen_Jiangxi,360200,1186.51699,16.47940264,23,0.319444444,63,0.875,4.297029703,1.492574257,72,233.3894882,5.083849317,1.660950034,13,0.180555556,43,0.597222222,1.048898458,32,0.444444444,72,1,1849,3886.041667,37.63016085,24.68219462,5,0.069444444,32,0.444444444,6,0.083333333,24,0.333333333,17.90468222,31216582.84,376,83022.8267,26.3094276,18.82351994,1.309090909,0.072727273,11.47222222,0.6604
Putian_Fujian,350300,4807.66447,22.78513967,97,0.45971564,193,0.914691943,4.446536145,1.47439759,211,916.556227,5.245356835,1.776349489,46,0.218009479,130,0.616113744,1.3787796,129,0.611374408,206,0.976303318,3310,21509.9058,56.54437633,38.81254724,17,0.08056872,85,0.402843602,33,0.156398104,90,0.426540284,21.44252017,80583114.67,881,91467.78056,16.7613849,24.27655513,1.918181818,0.172727273,7.639810427,0.6264
Yingtan_Jiangxi,360600,145.54633,8.085907222,0,0,5,0.277777778,2.102272727,1.090909091,18,58.72869157,2.478283206,1.887552902,6,0.333333333,11,0.611111111,1.080228017,6,0.333333333,16,0.888888889,97,22.5634058,76.43077837,73.72727273,0,0,2,0.111111111,0,0,0,0,13.85009692,606599.18,19,31926.27263,4.167739441,25.1410084,1.058823529,0,4.5,0.6604
Fuzhou_Fujian,350100,10390.89816,17.79263384,146,0.25,482,0.825342466,6.643370034,1.711345141,584,1252.766168,8.294363642,1.930204809,134,0.229452055,413,0.707191781,2.390800275,283,0.484589041,556,0.952054795,27130,753695.8188,20.58991167,14.82674536,221,0.378424658,476,0.815068493,202,0.345890411,480,0.821917808,17.53930917,460082028.4,5715,80504.29194,44.27740715,18.33486848,1.993174061,0.187713311,12.95719178,0.6264
Pingxiang_Jiangxi,360300,656.20448,11.5123593,4,0.070175439,30,0.526315789,2.761261261,1.497747748,57,170.6527654,3.845261333,1.759302647,9,0.157894737,40,0.701754386,0.756094369,10,0.175438596,47,0.824561404,2040,5072.695652,27.97862227,20.2541625,11,0.192982456,43,0.754385965,11,0.192982456,39,0.684210526,13.91004907,21168828.19,474,44659.97508,32.25949965,17.16928253,1.628571429,0.085714286,11.89473684,0.6604
Lu'an_Anhui,341500,6213.58016,21.87880338,128,0.450704225,241,0.848591549,2.929550827,1.430260047,284,1710.416286,3.632788235,1.707698454,45,0.158450704,148,0.521126761,2.404054883,239,0.841549296,284,1,3558,30937.23913,42.85287619,35.56163265,22,0.077464789,113,0.397887324,29,0.102112676,111,0.39084507,16.70676085,75442759.44,1065,70838.27177,12.14159269,21.6358148,1.670588235,0.123529412,5.556338028,0.698141667
Fuzhou_Jiangxi,361000,1251.26453,14.38235092,8,0.091954023,73,0.83908046,2.756874096,1.437047757,87,314.7432176,3.975509113,1.852586706,23,0.264367816,58,0.666666667,1.036218822,37,0.425287356,83,0.954022989,2009,5839.867754,40.45975574,28.05070028,5,0.057471264,33,0.379310345,7,0.08045977,24,0.275862069,15.44367657,28839589.67,472,61100.82557,23.04835547,20.21315388,1.359375,0.0625,11.24137931,0.6604
Jiujiang_Jiangxi,360400,2712.56067,16.24287826,39,0.233532934,147,0.880239521,4.858809802,1.568261377,167,477.0699264,5.685876472,1.748012739,36,0.215568862,94,0.562874251,1.198960576,78,0.467065868,162,0.97005988,3109,24398.7808,31.08193757,23.71169128,27,0.161676647,89,0.532934132,30,0.179640719,87,0.520958084,17.20406345,48865399.32,1004,48670.71645,18.01449083,18.07573811,1.739583333,0.197916667,7.958083832,0.6604
Ji'an_Jiangxi,360800,1102.85232,15.31739333,13,0.180555556,52,0.722222222,2.896946565,1.458015267,72,301.4287808,3.658749232,2.547892052,19,0.263888889,41,0.569444444,1.694456638,47,0.652777778,69,0.958333333,1719,4460.592391,26.80063408,19.17241379,3,0.041666667,52,0.722222222,3,0.041666667,48,0.666666667,19.9773051,27936118.84,376,74298.1884,25.33078848,21.27040241,1.6,0.133333333,9.847222222,0.6604
Zhangzhou_Fujian,350600,5127.36361,19.06083126,91,0.338289963,234,0.869888476,4.846102598,1.450366422,269,938.8970719,5.46104974,1.956049049,76,0.282527881,158,0.587360595,1.196801565,139,0.516728625,259,0.962825279,2755,10351.91123,67.24776306,46.69583333,2,0.007434944,23,0.085501859,2,0.007434944,23,0.085501859,14.6760917,54029406.48,693,77964.51152,10.53746342,21.27861353,1.691823899,0.132075472,8.148698885,0.6264
Xinyu_Jiangxi,360500,1239.47382,21.74515474,30,0.526315789,46,0.807017544,2.785992218,1.360570687,57,363.9368358,3.405738848,1.546268621,5,0.087719298,25,0.438596491,1.331953597,40,0.701754386,57,1,582,466.5434783,80.08868007,61.02173913,0,0,4,0.070175439,1,0.01754386,4,0.070175439,18.00605744,11951779.51,134,89192.3844,9.642623601,19.43403466,1.239130435,0.043478261,8.245614035,0.6604
Shaoxing_Zhejiang,330600,18587.5192,17.21066593,364,0.337037037,826,0.764814815,6.390948374,1.462588128,1080,2520.326819,7.375043214,1.790670203,230,0.212962963,622,0.575925926,1.181691205,524,0.485185185,1017,0.941666667,15100,312647.971,51.7038176,37.75548992,36,0.033333333,305,0.282407407,51,0.047222222,258,0.238888889,15.99510506,273536996.8,3704,73849.08121,14.71616486,17.99953666,2.026266417,0.185741088,7.513888889,0.684416667
Shangrao_Jiangxi,361100,2505.00113,14.07304006,12,0.06741573,153,0.859550562,5.9609375,1.6078125,178,373.6608666,6.703942944,2.225490872,37,0.207865169,107,0.601123596,1.114958033,48,0.269662921,168,0.943820225,3126,16089.5,37.36874796,26.77857143,14,0.078651685,80,0.449438202,14,0.078651685,71,0.398876404,17.93865317,42692512.48,759,56248.36954,17.04291147,19.03772338,1.495798319,0.075630252,8.882022472,0.6604
Xiamen_Fujian,350200,11374.94804,14.18322698,142,0.177057357,535,0.667082294,6.221161826,1.687551867,802,1618.671553,7.027335485,2.104697202,296,0.369077307,596,0.743142145,1.181611939,283,0.35286783,766,0.955112219,16232,656366.4928,27.39374056,20.11849523,175,0.218204489,596,0.743142145,211,0.263092269,524,0.653366584,19.23978143,238447083,4621,51600.75373,20.96247668,20.3406738,1.739696312,0.175704989,8.044887781,0.6264
Yichun_Jiangxi,360900,2775.89055,19.68716702,44,0.312056738,110,0.780141844,3.075287865,1.472099203,141,598.5735875,4.637509252,1.993897769,23,0.163120567,68,0.482269504,1.296932042,79,0.560283688,128,0.907801418,2741,10339.38949,39.26172089,31.28439153,6,0.042553191,52,0.368794326,8,0.056737589,67,0.475177305,17.24305359,44476111.77,655,67902.46072,16.02228581,18.47102939,1.620689655,0.08045977,7.836879433,0.6604
Ganzhou_Jiangxi,360700,4405.51901,16.56210154,90,0.338345865,201,0.755639098,3.652663166,1.669167292,266,795.0647862,5.541081792,2.109169295,73,0.27443609,163,0.612781955,1.793666058,190,0.714285714,262,0.984962406,5734,38451.9058,38.8269072,27.16091557,25,0.093984962,103,0.387218045,11,0.041353383,92,0.345864662,20.60849917,107370273.9,1438,74666.39354,24.37176498,21.63678002,1.546511628,0.087209302,9.62406015,0.6604
Nanchang_Jiangxi,360100,6492.0158,17.26599947,103,0.27393617,280,0.744680851,3.496805897,1.459459459,376,1403.61298,4.625217844,1.915385132,72,0.191489362,217,0.57712766,1.967350986,296,0.787234043,370,0.984042553,6641,102451.9547,32.54776109,23.43159899,91,0.242021277,194,0.515957447,88,0.234042553,180,0.478723404,19.21813189,111730458,1908,58558.94027,17.21044148,21.84951998,1.486166008,0.09486166,7.470744681,0.6604
Zaozhuang_Shandong,370400,4775.98432,23.52701635,117,0.57635468,187,0.921182266,3.019791094,1.368884002,203,1219.021546,3.917883435,1.530690402,18,0.088669951,88,0.433497537,1.378996832,117,0.57635468,203,1,2505,8894.940217,64.21102512,46.51396648,2,0.009852217,34,0.167487685,8,0.039408867,31,0.15270936,19.16221134,53206810.87,559,95182.13036,11.14049111,23.07676937,1.637096774,0.112903226,8.458128079,0.668223321
Jining_Shandong,370800,5073.71531,18.8613952,96,0.356877323,246,0.914498141,4.208224543,1.5,269,937.7423988,5.410564049,1.736329648,25,0.092936803,130,0.483271375,1.640390884,201,0.747211896,267,0.992565056,6237,49665.7663,32.88475461,25.43324433,25,0.092936803,123,0.457249071,49,0.182156134,138,0.513011152,18.39966986,122103080.7,1482,82390.74268,24.06581237,19.12034107,1.660493827,0.154320988,8.80669145,0.668223321
Dongying_Shandong,370500,8323.29832,26.59200741,210,0.670926518,301,0.961661342,5.195630081,1.464939024,313,1674.440798,4.970792835,1.873253671,85,0.271565495,197,0.629392971,1.626251261,260,0.830670927,313,1,6044,88992.75362,31.10292058,22.97149553,52,0.166134185,184,0.587859425,83,0.265175719,180,0.575079872,18.98493446,145970391.2,2077,70279.43724,17.5375657,21.00782223,2.188811189,0.153846154,7.849840256,0.668223321
Tianjin_Tianjin,120000,46422.98543,26.15379461,936,0.527323944,1563,0.88056338,5.089807714,1.633433367,1775,7114.215323,6.525383802,1.767045653,428,0.241126761,1088,0.612957746,2.049303202,1273,0.717183099,1752,0.987042254,23740,836337.3623,53.87217144,33.91557947,121,0.068169014,422,0.237746479,140,0.078873239,360,0.202816901,19.48224458,549264223,6830,80419.35914,11.83172986,22.52062078,1.775,0.163,8.349859155,0.655716667
Weifang_Shandong,370700,7277.25051,20.21458475,121,0.336111111,329,0.913888889,4.664350847,1.449413808,360,1408.246471,5.167597193,1.781889537,52,0.144444444,164,0.455555556,1.884612229,329,0.913888889,358,0.994444444,8683,90733.38949,47.51218644,36.0206058,29,0.080555556,138,0.383333333,30,0.083333333,128,0.355555556,15.88122909,169236107.6,1575,107451.4969,23.25550115,18.31697677,1.956521739,0.157608696,10.75277778,0.694623321
Dezhou_Shandong,371400,2873.95402,20.23911282,65,0.457746479,131,0.922535211,4.240482823,1.285051068,142,666.2116025,4.313875665,1.554366258,22,0.154929577,65,0.457746479,1.512942397,118,0.830985915,142,1,3120,15065.82609,39.20285053,26.140625,3,0.021126761,69,0.485915493,11,0.077464789,54,0.38028169,19.37988748,60715109.2,823,73772.91519,21.12598489,20.55039598,2.028571429,0.2,10.56338028,0.668223321
Tai'an_Shandong,370900,6383.61448,24.45829303,162,0.620689655,247,0.946360153,4.499475891,1.391509434,261,1215.422151,5.252178819,1.691645709,35,0.134099617,148,0.567049808,1.949317793,231,0.885057471,261,1,6607,54667.25906,38.68593253,29.98457932,22,0.084291188,107,0.409961686,31,0.118773946,101,0.38697318,17.5092125,134980846.3,1476,91450.43789,21.14489319,18.95737559,1.8125,0.138888889,9.911877395,0.668223321
Binzhou_Shandong,371600,3362.63896,25.47453758,83,0.628787879,124,0.939393939,3.71489726,1.385273973,132,889.9027965,3.778658718,1.656243179,24,0.181818182,72,0.545454545,1.547779235,110,0.833333333,131,0.992424242,2810,10648.16667,42.39803457,31.10185185,4,0.03030303,47,0.356060606,19,0.143939394,44,0.333333333,15.54798514,60032069.62,633,94837.39276,17.85266582,18.53510237,1.419354839,0.064516129,9.204545455,0.668223321
Rizhao_Shandong,371100,7022.08165,24.13086478,129,0.443298969,273,0.93814433,4.322257624,1.450159308,291,1353.182432,5.18930891,1.581622136,23,0.079037801,119,0.408934708,1.918753454,212,0.728522337,289,0.993127148,6507,54230.20109,43.6547259,33.14225941,9,0.030927835,131,0.450171821,17,0.058419244,115,0.395189003,17.31723579,123693185.6,1279,96710.85658,17.61488854,19.24519978,1.644067797,0.09039548,10.19243986,0.694623321
Zibo_Shandong,370300,8900.10251,22.02995671,205,0.507425743,389,0.962871287,4.06932101,1.370423036,404,1804.393896,4.932460995,1.717665067,82,0.202970297,231,0.571782178,1.923897643,274,0.678217822,398,0.985148515,7669,73243.91123,48.05895664,34.86121836,21,0.051980198,148,0.366336634,21,0.051980198,111,0.274752475,17.29399058,160238944.1,1970,81339.56554,18.00416837,20.06438916,1.87037037,0.12962963,9.816831683,0.668223321
Heze_Shandong,371700,4010.92877,19.85608302,100,0.495049505,181,0.896039604,4.212922173,1.48825257,202,814.2282407,4.926049687,1.756692764,17,0.084158416,85,0.420792079,1.436437687,155,0.767326733,202,1,5330,40368.94928,35.91951408,28.76240602,23,0.113861386,85,0.420792079,26,0.128712871,89,0.440594059,18.4834438,106701523.7,1177,90655.50014,26.60269723,19.76851985,1.923809524,0.161904762,10.13861386,0.625623321
Anyang_Henan,410500,407.29786,15.66530231,5,0.192307692,21,0.807692308,1.820175439,1.109649123,26,172.9478363,2.355032989,1.369022051,0,0,7,0.269230769,1.618502461,12,0.461538462,26,1,522,297.5869565,64.28452381,34.45454545,3,0.115384615,5,0.192307692,3,0.115384615,3,0.115384615,23.44127426,10310213.63,67,153883.7855,25.31369458,25.41611755,1.181818182,0.045454545,6.730769231,0.6142
Weihai_Shandong,371000,8719.88295,21.01176614,197,0.474698795,328,0.790361446,4.96759639,1.511484824,415,1585.833128,5.498613187,1.739177684,79,0.190361446,234,0.563855422,1.341781588,250,0.602409639,395,0.951807229,4656,31868.86957,60.08620109,40.94295302,4,0.009638554,85,0.204819277,6,0.014457831,78,0.187951807,18.44370671,98142007.62,1273,77095.05705,11.25496846,20.72129165,1.614785992,0.124513619,7.192771084,0.694623321
Kaifeng_Henan,410200,2410.50383,14.60911412,27,0.163636364,126,0.763636364,3.574619289,1.453807107,165,526.9168052,4.574733252,1.640630397,26,0.157575758,92,0.557575758,1.154953833,84,0.509090909,158,0.957575758,6884,56543.88406,24.8166999,19.69982472,24,0.145454545,128,0.775757576,41,0.248484848,130,0.787878788,17.29411744,94988841.17,1364,69639.91288,39.40621873,18.64163469,1.65,0.14,12.83636364,0.6142
Liaocheng_Shandong,371500,4213.18519,19.96770232,89,0.421800948,190,0.900473934,3.756604834,1.374367622,211,985.9122902,4.273387432,1.664413167,36,0.170616114,111,0.526066351,1.396741139,149,0.706161137,208,0.985781991,5204,39652.92754,36.46606647,25.13184844,24,0.113744076,113,0.535545024,20,0.09478673,89,0.421800948,16.05584831,95621468.1,1301,73498.4382,22.69576669,17.46972064,1.43537415,0.074829932,10.61611374,0.668223321
Yantai_Shandong,370600,11281.02001,22.97560084,279,0.568228106,424,0.863543788,5.110541493,1.369432874,491,2089.746605,5.398271725,1.903449693,105,0.213849287,293,0.596741344,2.085723416,363,0.739307536,479,0.975560081,14279,221503.2591,36.49298189,26.79451057,104,0.211812627,267,0.543788187,87,0.177189409,239,0.486761711,16.98804587,318130144.4,3772,84339.91103,28.20047692,18.44401876,1.987854251,0.206477733,10.7311609,0.694623321
Puyang_Henan,410900,794.734,18.48218605,16,0.372093023,41,0.953488372,3.425,1.305,43,208.8350308,3.805558851,1.693733418,7,0.162790698,30,0.697674419,1.296032101,31,0.720930233,43,1,1757,4563.998188,23.53921047,17.48172757,6,0.139534884,35,0.813953488,8,0.186046512,34,0.790697674,16.69704579,32250317,330,97728.23333,40.58001419,17.70900968,1.387096774,0.064516129,13.06976744,0.6142
Luohe_Henan,411100,456.234,17.54746154,10,0.384615385,22,0.846153846,1.902515723,1.229559748,26,191.0407997,2.388149551,1.394762196,0,0,7,0.269230769,1.205625243,16,0.615384615,22,0.846153846,332,163.5362319,45.61782151,34.11538462,0,0,2,0.076923077,1,0.038461538,2,0.076923077,16.94062071,6282429,50,125648.58,13.7701903,23.4972362,1.181818182,0.045454545,9.884615385,0.6142
Pingdingshan_Henan,410400,2462.53503,17.97470825,41,0.299270073,125,0.912408759,5.725363489,1.63812601,137,311.176006,7.913640457,1.703484513,7,0.051094891,50,0.364963504,1.360112289,83,0.605839416,135,0.98540146,4609,30597.08514,26.65400231,20.63791887,38,0.277372263,109,0.795620438,47,0.343065693,112,0.817518248,17.53900047,78240999.36,1142,68512.25863,31.77254269,18.50566747,1.902777778,0.111111111,10.18978102,0.6142
Hebi_Henan,410600,1026.0302,16.54887419,11,0.177419355,54,0.870967742,2.963601533,1.340996169,62,312.8657966,3.279457873,1.869771249,17,0.274193548,42,0.677419355,1.174997377,26,0.419354839,60,0.967741935,1875,5023.244565,35.64774561,26.75396825,10,0.161290323,35,0.564516129,8,0.129032258,32,0.516129032,18.88930264,31636012.64,346,91433.56254,30.83341274,19.45941216,1.823529412,0.176470588,10.83870968,0.6142
Nanjing_Jiangsu,320100,25344.8643,14.81289556,269,0.157218001,1272,0.743424898,4.539000356,1.404606435,1711,4990.515563,5.078606405,1.903350147,410,0.23962595,1021,0.59672706,1.148164623,739,0.431911163,1649,0.963763881,32397,2627049.853,44.28012779,32.48435989,427,0.24956166,916,0.535359439,474,0.277030976,873,0.510227937,18.09290068,510178350.6,9473,53856.04883,20.12945678,19.25088447,1.933333333,0.218079096,7.842781999,0.652
Jiaozuo_Henan,410800,1114.06224,15.91517486,9,0.128571429,64,0.914285714,3.190298507,1.417910448,70,301.8894829,3.690298282,1.669994649,11,0.157142857,47,0.671428571,1.182434571,37,0.528571429,70,1,2354,7065.557971,37.09496281,26.48614719,12,0.171428571,34,0.485714286,17,0.242857143,34,0.485714286,15.53363448,37875743.52,586,64634.37461,33.99787028,16.65220108,1.206896552,0.034482759,11.15714286,0.6142
Ningbo_Zhejiang,330200,25824.56477,17.47264193,475,0.321380244,1185,0.801759134,6.428596038,1.644788975,1478,3556.418496,7.261396486,1.997547274,376,0.254397835,986,0.667117727,1.263651345,830,0.561569689,1456,0.98511502,26232,1688795.826,35.16928909,26.59414519,235,0.158998647,837,0.566305819,293,0.198240866,803,0.543301759,17.63556537,463139841.9,7730,59914.59792,17.93408121,19.18423182,2.010884354,0.176870748,7.620433018,0.684416667
Sanmenxia_Henan,411200,1104.50405,14.92573041,21,0.283783784,45,0.608108108,3.294117647,1.522058824,74,250.7993982,4.403934212,1.666980642,14,0.189189189,38,0.513513514,0.969539805,28,0.378378378,68,0.918918919,2078,9856.166667,21.38638103,18.46238446,21,0.283783784,67,0.905405405,27,0.364864865,67,0.905405405,15.12972458,31278855.5,468,66835.16132,28.31936696,18.04362116,1.48,0.12,9.202702703,0.6142
Xinxiang_Henan,410700,1875.74589,14.21019614,9,0.068181818,115,0.871212121,4.471896956,1.634660422,132,352.6385852,5.319173705,1.467940274,9,0.068181818,42,0.318181818,1.032981695,57,0.431818182,131,0.992424242,5201,32330.12862,32.62029296,25.88095238,25,0.189393939,96,0.727272727,38,0.287878788,94,0.712121212,14.58291271,70931810.25,1097,64659.8088,37.81525559,15.16999029,1.808219178,0.123287671,12.12121212,0.6142
Zhumadian_Henan,411700,1062.13615,12.79682108,1,0.012048193,70,0.843373494,3.67721519,1.387658228,83,267.1511241,3.975787688,1.826017877,5,0.060240964,36,0.43373494,1.142199872,48,0.578313253,80,0.963855422,5982,48446.45652,14.11599703,11.99915311,63,0.759036145,74,0.891566265,67,0.807228916,76,0.915662651,14.57897149,77505145.5,1052,73674.09268,72.971008,15.21628084,1.66,0.12,12.63855422,0.6142
Zhoukou_Henan,411600,1167.20314,18.52703397,20,0.317460317,61,0.968253968,2.403202329,1.490538574,63,331.5845853,3.520076601,2.373588875,10,0.158730159,36,0.571428571,2.035454612,38,0.603174603,62,0.984126984,1740,4517.391304,28.37109713,20.03174603,2,0.031746032,52,0.825396825,6,0.095238095,48,0.761904762,18.60138835,30563629.97,330,92617.06052,26.18535619,19.60371728,1.340425532,0.085106383,11.55555556,0.6142
Huangshi_Hubei,420200,928.21007,14.28015492,12,0.184615385,51,0.784615385,3.542986425,1.542986425,65,164.9303639,5.627890755,1.700450703,18,0.276923077,30,0.461538462,0.968486434,28,0.430769231,62,0.953846154,3502,11767.55797,19.61734459,14.26523764,24,0.369230769,50,0.769230769,27,0.415384615,50,0.769230769,16.86799845,53907493.15,690,78126.80167,58.0768243,17.64402373,1.413043478,0.065217391,11.95384615,0.6248
Nanyang_Henan,411300,2005.78275,16.57671694,28,0.231404959,103,0.851239669,3.543608124,1.497013142,121,432.2255364,4.640592887,1.581352258,8,0.066115702,66,0.545454545,1.575516677,104,0.859504132,119,0.983471074,7689,79947.375,14.17950318,13.14444444,48,0.396694215,112,0.925619835,93,0.768595041,118,0.975206612,16.17886877,131385442.2,1015,129443.7855,65.50332644,20.21613555,1.475609756,0.085365854,12.91735537,0.6142
Xinyang_Henan,411500,1423.95161,19.50618644,26,0.356164384,71,0.97260274,3.009929078,1.356028369,73,409.3107108,3.478901412,1.807025575,18,0.246575342,42,0.575342466,1.302342707,46,0.630136986,73,1,2096,14061.01449,15.82754179,12.01924331,35,0.479452055,70,0.95890411,42,0.575342466,69,0.945205479,14.12606775,42364206.84,605,70023.48238,29.75115625,21.60346358,1.25862069,0.051724138,7.684931507,0.6142
Xianning_Hubei,421200,796.54171,16.25595327,6,0.12244898,45,0.918367347,2.93902439,1.443902439,49,192.729597,4.132949596,2.328475594,19,0.387755102,36,0.734693878,1.057994679,33,0.673469388,49,1,1171,1582.259058,60.00150708,48.10233029,6,0.12244898,17,0.346938776,6,0.12244898,14,0.285714286,19.69918679,19521647.59,235,83070.84081,24.50800422,20.57363572,1.289473684,0.052631579,10.16326531,0.6248
Suizhou_Hubei,421300,354.26612,13.12096741,4,0.148148148,21,0.777777778,2.173553719,1.286501377,27,135.5150124,2.614220474,1.978380822,10,0.37037037,20,0.740740741,0.761566912,3,0.111111111,22,0.814814815,1589,3696.95471,18.32911458,12.76110309,14,0.518518519,25,0.925925926,13,0.481481481,25,0.925925926,11.22013278,21773713.86,326,66790.53331,61.46146253,15.94049295,1.038461538,0,13.44444444,0.6248
Jingmen_Hubei,420800,1458.72348,14.5872348,13,0.13,77,0.77,3.74811463,1.37254902,100,348.1718501,4.189665189,2.306862325,20,0.2,49,0.49,1.310827562,40,0.4,94,0.94,4161,18936.15761,31.68308925,22.61446037,27,0.27,57,0.57,29,0.29,52,0.52,13.32928927,62835894.98,1133,55459.74844,43.07594677,17.14526534,1.333333333,0.053333333,11.69,0.6248
Yichang_Hubei,420500,2417.93194,13.35874,23,0.127071823,107,0.591160221,3.207743154,1.516525024,181,555.2069622,4.355010122,1.845159408,43,0.237569061,93,0.513812155,1.186714703,61,0.337016575,171,0.944751381,4932,26388.78261,41.52341895,29.91164659,19,0.104972376,67,0.370165746,18,0.099447514,64,0.35359116,17.41729467,62701469.06,711,88187.7202,25.93185855,19.0070324,1.330882353,0.066176471,12.51381215,0.6248
Jingzhou_Hubei,421000,1917.69682,15.09997496,14,0.11023622,112,0.881889764,3.742561449,1.435963777,127,453.1589324,4.231841596,1.592375055,20,0.157480315,49,0.385826772,1.291420948,59,0.464566929,123,0.968503937,5518,31889.2971,31.24102472,22.99422799,32,0.251968504,71,0.559055118,41,0.322834646,71,0.559055118,15.86197223,83572075.82,1049,79668.32776,43.57939949,17.8550336,1.395604396,0.087912088,12.55905512,0.6248
Luoyang_Henan,410300,6484.14096,17.66795902,105,0.286103542,304,0.828337875,4.369565217,1.526937618,367,1222.968626,5.301968361,1.80023904,58,0.158038147,196,0.534059946,1.612041114,282,0.768392371,362,0.986376022,12442,165437.1232,32.65997113,24.23871636,48,0.130790191,223,0.607629428,57,0.155313351,206,0.561307902,16.73063435,213844429.6,2397,89213.36238,32.97960839,17.63154833,1.891752577,0.190721649,12.79836512,0.6142
Shangqiu_Henan,411400,2148.54071,19.0136346,36,0.318584071,94,0.831858407,3.534105534,1.348777349,113,612.0074201,3.51064487,1.756663494,10,0.088495575,35,0.309734513,1.172867564,52,0.460176991,111,0.982300885,4373,22880.69384,26.95965657,19.82111252,15,0.132743363,89,0.787610619,14,0.123893805,86,0.761061947,15.98428188,88006703.74,951,92541.2237,40.96115253,20.11878112,1.948275862,0.103448276,13.92035398,0.6142
Shaoyang_Hunan,430500,1074.89329,14.92907347,10,0.138888889,61,0.847222222,4.045207957,1.540687161,72,196.5560613,5.468634663,1.789009469,4,0.055555556,27,0.375,0.867805643,17,0.236111111,67,0.930555556,3685,18001.12862,16.07540827,12.80555556,10,0.138888889,72,1,12,0.166666667,72,1,16.0450291,55254388.43,507,108983.0147,51.40453377,16.80083905,1.384615385,0.076923077,13.59722222,0.6807
Xiangtan_Hunan,430300,2043.40534,16.47907532,36,0.290322581,101,0.814516129,4.737463127,1.550147493,124,374.3577777,5.458428973,2.026275373,32,0.258064516,78,0.629032258,1.131774697,57,0.459677419,118,0.951612903,2446,9277.036232,52.341014,37.35598142,16,0.129032258,54,0.435483871,19,0.153225806,45,0.362903226,18.56029534,36103763.66,614,58800.91801,17.66842973,21.01572443,1.458823529,0.094117647,8.927419355,0.6807
Xiangyang_Hubei,420600,2579.10388,19.53866576,62,0.46969697,116,0.878787879,3.600801068,1.44058745,132,565.0249016,4.564584451,1.560780718,14,0.106060606,49,0.371212121,1.683176219,101,0.765151515,132,1,4799,25923.51993,30.20702974,20.25728587,39,0.295454545,83,0.628787879,38,0.287878788,63,0.477272727,19.8529332,91295275.45,973,93828.64897,35.3980606,21.34365572,1.419354839,0.064516129,11.03787879,0.6248
Hengyang_Hunan,430400,2110.98669,15.1869546,30,0.215827338,110,0.791366906,4.493224932,1.597560976,139,385.0209306,5.48278424,1.969965867,23,0.165467626,70,0.503597122,1.00641906,62,0.446043165,129,0.928057554,8075,79770.60688,17.99376953,14.2587748,57,0.410071942,129,0.928057554,69,0.496402878,122,0.877697842,16.57912018,118590368,1696,69923.56601,56.17769573,18.17474858,1.561797753,0.08988764,13.27338129,0.6807
Huaihua_Hunan,431200,863.20924,15.41445071,10,0.178571429,47,0.839285714,3.985645933,1.509569378,56,179.4951582,4.809094844,2.894076374,19,0.339285714,41,0.732142857,1.089695584,22,0.392857143,53,0.946428571,2428,6702.753623,23.32941573,16.35582011,15,0.267857143,46,0.821428571,16,0.285714286,42,0.75,14.48371537,36518273.62,508,71886.36539,42.30523948,16.23705744,1.333333333,0.071428571,13.58928571,0.6807
Changde_Hunan,430700,1612.32184,15.96358257,22,0.217821782,92,0.910891089,3.432835821,1.583446404,101,376.3556085,4.284038297,2.120777906,23,0.227722772,67,0.663366337,1.036807275,44,0.435643564,97,0.96039604,4628,28590.49275,22.46492266,17.05058801,40,0.396039604,80,0.792079208,36,0.356435644,76,0.752475248,18.40248831,73173033.24,797,91810.58123,45.38363956,18.8255167,1.346666667,0.093333333,12.75247525,0.6807
Loudi_Hunan,431300,439.11194,12.54605543,3,0.085714286,22,0.628571429,1.890410959,1.180365297,35,191.4528893,2.293576982,1.588088477,5,0.142857143,17,0.485714286,0.767962153,6,0.171428571,32,0.914285714,536,350.2318841,58.41666667,37.57575758,4,0.114285714,8,0.228571429,4,0.114285714,8,0.228571429,14.24507929,8010953.53,151,53052.67238,18.24353382,19.47042778,1.166666667,0.033333333,9.085714286,0.6807
Yiyang_Hunan,430900,1859.46728,18.05308039,32,0.310679612,92,0.893203883,4.352861035,1.369209809,103,377.7286089,4.922759982,1.593090093,15,0.145631068,48,0.466019417,1.176042909,53,0.514563107,99,0.961165049,3072,12621.82609,34.47947826,25.28878648,19,0.184466019,57,0.553398058,28,0.27184466,52,0.504854369,15.47406538,52203084.88,683,76432.04228,28.07421536,18.09098602,1.410958904,0.123287671,11.33980583,0.6807
Yongzhou_Hunan,431100,1529.63441,20.67073527,32,0.432432432,67,0.905405405,2.936688312,1.407467532,74,396.7844811,3.855076201,1.726153454,13,0.175675676,39,0.527027027,1.401952276,46,0.621621622,73,0.986486486,558,483.5,76.86305999,71.63793103,0,0,4,0.054054054,0,0,5,0.067567568,16.80489332,10347254.53,127,81474.44512,6.764527826,22.98504841,1.541666667,0.125,6.175675676,0.6807
Yueyang_Hunan,430600,2283.28231,17.03942022,30,0.223880597,120,0.895522388,3.31959707,1.431318681,134,554.4667333,4.117978902,1.683359865,32,0.23880597,71,0.529850746,1.113089569,58,0.432835821,131,0.97761194,6652,50592.84058,25.39062461,20.11437426,49,0.365671642,109,0.813432836,52,0.388059701,109,0.813432836,16.6053744,103318663.2,1321,78212.46266,45.25006072,17.99467912,1.264150943,0.056603774,13.07462687,0.6807
Zhanjiang_Guangdong,440800,3277.37433,26.01090738,55,0.436507937,114,0.904761905,4.35026738,1.552139037,126,527.374264,6.21451321,1.947756596,26,0.206349206,84,0.666666667,2.024145402,77,0.611111111,124,0.984126984,1569,2775.983696,68.75418746,51.27118644,0,0,7,0.055555556,2,0.015873016,8,0.063492063,21.98980091,44431019.15,309,143789.706,13.55689484,24.72251371,1.852941176,0.161764706,10.5952381,0.654046875
Shantou_Guangdong,440500,6369.72422,22.34990954,119,0.41754386,270,0.947368421,4.790884718,1.56461126,285,1036.141499,6.147542807,2.052781138,103,0.361403509,217,0.761403509,1.457636897,181,0.635087719,283,0.992982456,7457,61659.34601,36.80342473,28.1614338,13,0.045614035,120,0.421052632,7,0.024561404,98,0.343859649,19.79598198,160849522.4,1587,101354.4564,25.25219567,20.98781371,1.592178771,0.122905028,12.63508772,0.654046875
Jiangmen_Guangdong,440700,5749.77858,20.10412091,110,0.384615385,251,0.877622378,6.417946645,1.414713015,286,813.484813,7.068083495,1.83986549,65,0.227272727,200,0.699300699,1.133161947,132,0.461538462,284,0.993006993,3620,13559.53623,57.07181021,40.00847458,0,0,58,0.202797203,0,0,29,0.101398601,14.00588235,63220470.8,1139,55505.24214,10.99528789,19.96459837,1.7875,0.15,8.821678322,0.654046875
Chenzhou_Hunan,431000,6216.23003,22.44126365,115,0.415162455,263,0.949458484,5.480128205,1.607692308,277,890.7677978,6.978507806,1.606532714,32,0.115523466,144,0.519855596,1.872246721,195,0.703971119,276,0.996389892,7677,72984.375,38.872026,28.86372538,62,0.223826715,108,0.389891697,62,0.223826715,101,0.364620939,15.29903667,126839395.5,2150,58995.06768,20.40455307,17.65987167,1.76433121,0.152866242,8.758122744,0.6807
Zhuhai_Guangdong,440400,8780.68074,21.57415415,189,0.464373464,331,0.813267813,5.712913554,1.537353255,407,1217.266616,7.213440854,2.052780603,128,0.314496314,295,0.724815725,1.362603569,216,0.530712531,404,0.992628993,8482,138312.5145,38.89819469,27.84548275,72,0.176904177,244,0.5995086,102,0.250614251,245,0.601965602,18.77964362,189981039.2,2406,78961.36293,21.63625405,21.35736371,2.130890052,0.251308901,8.769041769,0.654046875
Shanghai_Shanghai,310000,50663.06707,15.39442937,681,0.206927985,2281,0.6931024,3.928374008,1.598177007,3291,9407.465292,5.385411001,1.908139084,856,0.260103312,2187,0.664539654,1.592020843,1950,0.592525068,3196,0.971133394,68849,10516706.22,30.17488329,21.88230007,547,0.166210878,2242,0.681251899,671,0.203889395,2081,0.632330599,20.16008468,1063686728,17638,60306.5386,20.9953086,21.00105348,1.832405345,0.182071269,8.737465816,0.723333333
Shanwei_Guangdong,441500,988.06281,15.68353667,12,0.19047619,52,0.825396825,6.526530612,1.595918367,63,125.9176016,7.846899858,1.631283282,6,0.095238095,34,0.53968254,1.033940846,38,0.603174603,57,0.904761905,1779,3565.505435,29.15961413,20.31746032,0,0,53,0.841269841,0,0,35,0.555555556,18.36890918,28030187.63,571,49089.64559,28.36883176,18.99920359,1.5,0.119047619,12.73015873,0.654046875
Maoming_Guangdong,440900,3430.10552,27.88703675,67,0.544715447,117,0.951219512,3.188747731,1.423774955,123,737.446522,4.651327815,1.650074053,20,0.162601626,65,0.528455285,1.760563266,81,0.658536585,123,1,2681,8524.911232,43.7723382,30.66071429,4,0.032520325,57,0.463414634,2,0.016260163,39,0.317073171,13.8188768,70546507.03,769,91737.98053,20.56686205,22.24610792,1.430232558,0.093023256,11.02439024,0.654046875
Heyuan_Guangdong,441600,763.68662,13.88521127,11,0.2,38,0.690909091,3.515850144,1.351585014,55,172.3088996,4.432078794,1.741669092,11,0.2,31,0.563636364,1.073573453,22,0.4,53,0.963636364,771,642.548913,62.65243981,44.20454545,1,0.018181818,12,0.218181818,0,0,7,0.127272727,16.76929433,11526163.14,191,60346.40387,15.09279178,19.09448358,1.571428571,0.171428571,9.054545455,0.654046875
Shiyan_Hubei,420300,4897.49193,19.43449179,74,0.293650794,205,0.813492063,4.191133721,1.44622093,252,919.1870983,5.328068615,1.726415865,52,0.206349206,145,0.575396825,1.664857268,130,0.515873016,246,0.976190476,3441,41878.07065,41.15798699,30.2755925,61,0.242063492,98,0.388888889,64,0.253968254,99,0.392857143,17.63058766,54459214.13,1077,50565.65843,11.11981702,19.72181247,1.536585366,0.134146341,5.785714286,0.6248
Qingdao_Shandong,370200,23516.51287,18.69357144,446,0.354531002,1040,0.826709062,4.982289486,1.548864917,1258,4390.87941,5.355763771,1.972031881,263,0.209062003,725,0.576311606,1.289076196,791,0.628775835,1229,0.976947536,53052,2437865.565,30.25664536,21.17805883,314,0.249602544,826,0.656597774,301,0.23926868,618,0.491255962,18.98637275,949515760.6,13611,69760.91107,40.37655437,19.96930076,1.993660856,0.194928685,13.49125596,0.755623321
Yangjiang_Guangdong,441700,1208.36324,26.85251644,28,0.622222222,45,1,2.696177062,1.29778672,45,328.1163241,3.682728201,1.697461014,9,0.2,25,0.555555556,1.472821087,34,0.755555556,45,1,410,243.2101449,65.30166935,46.51666667,1,0.022222222,6,0.133333333,0,0,4,0.088888889,18.96249967,10606241.58,135,78564.75244,8.777361996,21.45448964,1.5,0.1,6.466666667,0.654046875
Changsha_Hunan,430100,12969.65243,18.31871812,311,0.439265537,605,0.854519774,5.931930016,1.619464188,708,1896.651752,6.838183348,1.964067728,148,0.209039548,476,0.672316384,1.390232775,493,0.696327684,696,0.983050847,24936,682218.6087,39.70593901,27.94447259,186,0.262711864,398,0.562146893,141,0.199152542,341,0.481638418,17.09409397,482246180.6,5846,82491.64909,37.1826603,17.82986594,1.573333333,0.097777778,12.30367232,0.6807
Jieyang_Guangdong,445200,1303.32951,25.06402904,30,0.576923077,52,1,3.208520179,1.443946188,52,266.3456183,4.893376952,1.576500188,4,0.076923077,28,0.538461538,1.507564455,42,0.807692308,52,1,686,780.1666667,57.5602204,44.64,0,0,10,0.192307692,0,0,5,0.096153846,20.83963396,17812832.32,201,88621.05632,13.66717487,22.8924972,1.485714286,0.085714286,9.942307692,0.654046875
Zhaoqing_Guangdong,441200,4067.35942,26.07281679,85,0.544871795,149,0.955128205,4.062556664,1.474161378,156,726.8538446,5.595842204,2.079460304,43,0.275641026,101,0.647435897,2.007334613,113,0.724358974,154,0.987179487,2917,8290.606884,50.15196009,32.7443609,3,0.019230769,54,0.346153846,0,0,45,0.288461538,17.36353218,66347316.7,728,91136.42404,16.31213518,21.07359705,1.444444444,0.092592593,10.32051282,0.654046875
Yunfu_Guangdong,445300,1422.5201,32.33000227,38,0.863636364,42,0.954545455,5.229090909,1.189090909,44,328.915635,4.324878323,1.62642441,8,0.181818182,18,0.409090909,1.631778996,39,0.886363636,44,1,499,456.9547101,47.26449082,31.91891892,0,0,16,0.363636364,0,0,11,0.25,20.5495082,15385811.2,195,78901.5959,10.81588316,26.38497914,1.571428571,0.107142857,6.886363636,0.654046875
Chaozhou_Guangdong,445100,2636.36135,21.43383211,57,0.463414634,97,0.788617886,4.368316832,1.388118812,123,495.6686082,5.318798298,2.206488246,30,0.243902439,78,0.634146341,1.820357384,90,0.731707317,121,0.983739837,1527,2845.983696,63.12474584,52.28571429,0,0,19,0.154471545,10,0.081300813,16,0.130081301,22.65551478,25865752.4,316,81853.64684,9.811155971,24.66553951,1.382022472,0.112359551,7.162601626,0.654046875
Qingyuan_Guangdong,441800,4967.27825,22.27479036,118,0.529147982,206,0.923766816,4.96044712,1.65950129,223,801.6276863,6.196490384,1.997561453,55,0.246636771,154,0.69058296,1.50750367,159,0.713004484,223,1,2762,7751.992754,61.60480763,43.94117647,4,0.01793722,53,0.237668161,1,0.004484305,32,0.143497758,18.03399314,60715113.51,828,73327.43178,12.22301439,21.41526873,2.04587156,0.19266055,7.372197309,0.654046875
Huizhou_Guangdong,441300,7296.14446,27.12321361,172,0.639405204,255,0.94795539,4.719672876,1.512039982,269,1178.610682,6.190461849,2.215554074,66,0.24535316,199,0.739776952,2.398283145,202,0.750929368,264,0.981412639,9055,78308.65036,36.21800757,26.4047619,26,0.096654275,156,0.579925651,28,0.104089219,142,0.527881041,16.95592219,237064844.8,1860,127454.2176,32.49179702,19.69289036,1.620481928,0.120481928,13.74349442,0.654046875
Beihai_Guangxi,450500,921.34832,13.16211886,6,0.085714286,55,0.785714286,3.888888889,1.33604336,70,219.7974466,4.191806294,2.432855687,8,0.114285714,49,0.7,1.191713663,36,0.514285714,70,1,1141,2325.476449,41.32047785,33.89795918,2,0.028571429,24,0.342857143,4,0.057142857,19,0.271428571,16.93509861,14768448.22,205,72041.21083,16.02916932,20.33703462,1.590909091,0.113636364,9.014285714,0.6107
Guilin_Guangxi,450300,2005.29205,15.07738383,24,0.180451128,94,0.706766917,4.309707242,1.426810478,133,417.5161257,4.802909221,1.770473396,32,0.240601504,83,0.62406015,0.993900033,39,0.293233083,123,0.92481203,3830,14217.81884,41.67178732,31.09717069,30,0.22556391,56,0.421052632,27,0.203007519,43,0.323308271,15.66219363,58743548.2,925,63506.53859,29.29426075,18.83107019,1.33,0.07,11.06015038,0.6107
Liuzhou_Guangxi,450200,3041.86564,19.49913872,66,0.423076923,133,0.852564103,5.328125,1.65625,156,507.7101071,5.99134348,1.656862459,23,0.147435897,83,0.532051282,1.303624267,97,0.621794872,152,0.974358974,5360,29260.05797,30.90377997,22.76157407,29,0.185897436,92,0.58974359,32,0.205128205,81,0.519230769,13.97107438,102714593.8,1116,92038.16649,33.76697263,19.06511357,2.294117647,0.264705882,12.61538462,0.6107
Guigang_Guangxi,450800,808.82644,21.28490632,18,0.473684211,36,0.947368421,3.082781457,1.314569536,38,233.7015033,3.460938114,1.564409849,2,0.052631579,22,0.578947368,1.817758725,25,0.657894737,38,1,710,719.8188406,38.76050774,32.26666667,2,0.052631579,2,0.052631579,4,0.105263158,6,0.157894737,19.94396654,18711226.18,149,125578.6992,23.13379639,24.86411649,1.085714286,0,9.921052632,0.6107
Yulin_Guangxi,450900,694.61141,13.35791173,10,0.192307692,32,0.615384615,3.132768362,1.347457627,52,208.2405313,3.33562062,1.53695429,3,0.057692308,28,0.538461538,1.059696512,19,0.365384615,45,0.865384615,2530,7292.688406,18.9274198,14.73759921,15,0.288461538,46,0.884615385,14,0.269230769,44,0.846153846,16.56579929,31294718.24,464,67445.51345,45.05356202,17.24265571,1.181818182,0.045454545,12.71153846,0.6107
Wuzhou_Guangxi,450400,1698.79242,14.39654593,20,0.169491525,75,0.63559322,5.507281553,1.466019417,118,321.2565531,5.287961922,2.074320493,30,0.254237288,77,0.652542373,0.987793933,44,0.372881356,109,0.923728814,2449,5435.780797,52.80815979,38.10204082,10,0.084745763,35,0.296610169,9,0.076271186,33,0.279661017,18.08930785,37034513.7,508,72902.58602,21.80049385,19.85662018,1.76119403,0.179104478,11.37288136,0.6107
Baise_Guangxi,451000,950.64491,18.64009627,16,0.31372549,44,0.862745098,3.50397878,1.525198939,51,196.2981512,4.842862269,1.596591238,8,0.156862745,26,0.509803922,1.327716648,27,0.529411765,48,0.941176471,1051,1427.389493,40.09757997,26.88235294,0,0,15,0.294117647,0,0,7,0.137254902,19.49792289,18094442.34,227,79711.19974,19.03386022,20.78244988,1.186046512,0.023255814,12.50980392,0.6107
Laibin_Guangxi,451300,462.47087,14.91841516,4,0.129032258,27,0.870967742,2.764258555,1.414448669,31,128.5887038,3.596512417,2.087830853,16,0.516129032,26,0.838709677,1.332208803,17,0.548387097,30,0.967741935,1240,1563.362319,23.44478717,16,1,0.032258065,30,0.967741935,3,0.096774194,27,0.870967742,16.08104376,17913494.45,300,59711.64817,38.73431953,18.58958655,1.291666667,0.041666667,14.03225806,0.6107
Zhongshan_Guangdong,442000,7945.75354,18.96361227,160,0.381861575,374,0.892601432,4.358997722,1.466514806,419,1435.996461,5.533268192,2.017885074,126,0.30071599,305,0.727923628,1.325916872,244,0.582338902,416,0.992840095,8712,147414.6957,32.16339873,24.05940652,36,0.085918854,263,0.627684964,64,0.15274463,217,0.517899761,20.31206159,169299831.6,2284,74124.26951,21.30695732,21.32118787,1.753138075,0.133891213,9.594272076,0.654046875
Hechi_Guangxi,451200,1381.80975,16.64831024,14,0.168674699,68,0.819277108,3.766743649,1.535796767,83,287.9999584,4.797951213,1.477612529,8,0.096385542,21,0.253012048,1.355503797,31,0.373493976,75,0.903614458,2404,5604.144928,43.77059952,28.703518,12,0.144578313,18,0.21686747,12,0.144578313,16,0.192771084,15.74946526,37379149.58,658,56807.21821,27.05086542,20.09127554,1.406779661,0.101694915,12.69879518,0.6107
Panzhihua_Sichuan,510400,346.80523,13.8722092,6,0.24,19,0.76,2.61875,1.13125,25,120.7962637,2.87099302,1.847126656,6,0.24,22,0.88,2.728792652,11,0.44,24,0.96,515,281.0416667,35.72301159,29.2,0,0,15,0.6,0,0,17,0.68,19.7507846,7848379.02,74,106059.1759,22.63050941,21.32301317,1.136363636,0,10.04,0.5995
Meizhou_Guangdong,441400,5448.41477,34.26675956,101,0.635220126,156,0.981132075,4.023007395,1.616269515,159,975.209078,5.586919659,1.887118464,37,0.232704403,102,0.641509434,2.356002315,137,0.86163522,159,1,2454,9219.23913,50.43891497,37.73589436,5,0.031446541,46,0.289308176,2,0.012578616,42,0.264150943,18.2017562,63408293.26,717,88435.55545,11.63793432,22.45708358,1.370689655,0.043103448,8.402515723,0.654046875
Zigong_Sichuan,510300,2474.33646,11.89584837,7,0.033653846,143,0.6875,6.383116883,1.688311688,208,352.8387374,7.01265535,1.783274737,57,0.274038462,137,0.658653846,1.011873728,47,0.225961538,200,0.961538462,7708,68679.62319,29.66702338,21.34975875,64,0.307692308,141,0.677884615,60,0.288461538,116,0.557692308,16.72278518,96576888.78,2238,43153.21214,39.03142937,17.80263912,1.824561404,0.175438596,11.01442308,0.5995
Nanning_Guangxi,450100,8039.74015,18.56752921,154,0.355658199,366,0.845265589,5.093672147,1.683109118,433,1281.365869,6.274351726,1.703719013,69,0.159353349,244,0.563510393,2.019152222,331,0.76443418,423,0.976905312,9693,222220.8098,23.72659263,18.99320252,101,0.233256351,341,0.787528868,132,0.304849885,344,0.794457275,18.37726122,183871722.1,2934,62669.29861,22.87035634,19.84456748,1.781893004,0.148148148,8.360277136,0.6107
Haikou_Hainan,460100,5494.68167,17.8979859,111,0.361563518,267,0.86970684,5.919823789,1.870484581,307,702.3640097,7.823125323,1.887217611,92,0.299674267,217,0.706840391,1.864542586,183,0.596091205,300,0.977198697,11042,118849.9928,26.86640679,19.43560969,61,0.198697068,229,0.745928339,46,0.149837134,220,0.716612378,18.22126902,200065007.8,2600,76948.07994,36.41066396,19.78054401,1.705555556,0.188888889,12.71986971,0.70051
Neijiang_Sichuan,511000,1988.71722,10.92701769,17,0.093406593,85,0.467032967,4.722222222,1.705882353,182,302.1256527,6.582417621,1.901685374,55,0.302197802,131,0.71978022,0.884623605,56,0.307692308,174,0.956043956,3098,27195.81884,35.56695126,26.39799267,43,0.236263736,74,0.406593407,49,0.269230769,76,0.417582418,18.3120818,35312179.07,964,36630.89115,17.75625952,19.68654926,1.63963964,0.108108108,7.384615385,0.5995
Sanya_Hainan,460200,4536.83929,27.00499577,103,0.613095238,155,0.922619048,5.468200271,1.50744249,168,723.0522216,6.274566559,1.807529528,47,0.279761905,107,0.636904762,2.306425512,136,0.80952381,168,1,3114,15324.19565,38.5850354,27.81536388,16,0.095238095,83,0.494047619,19,0.113095238,70,0.416666667,21.67098074,81186434.09,862,94183.79825,17.89493277,23.74166822,1.714285714,0.173469388,9.05952381,0.70051
Dazhou_Sichuan,511700,1540.35768,14.81113154,15,0.144230769,89,0.855769231,5.390295359,1.5907173,104,247.509542,6.223427458,1.953299023,37,0.355769231,69,0.663461538,1.24500923,40,0.384615385,100,0.961538462,5595,33406.63587,22.56174001,16.83218742,41,0.394230769,86,0.826923077,43,0.413461538,87,0.836538462,16.41764295,78706447,1125,69961.28622,51.09621487,17.74388636,1.704918033,0.114754098,13.82692308,0.5995
Ya'an_Sichuan,511800,507.84526,14.93662529,7,0.205882353,30,0.882352941,3.495049505,1.5,34,131.9661302,3.84830001,1.606385041,4,0.117647059,21,0.617647059,0.901798037,14,0.411764706,32,0.941176471,1768,3937.623188,22.33198536,15.74439776,15,0.441176471,30,0.882352941,16,0.470588235,28,0.823529412,17.59715434,24835184.96,270,91982.16652,48.90305555,19.10625049,1.47826087,0.130434783,14.11764706,0.5995
Nanchong_Sichuan,511300,2600.47476,19.12113794,42,0.308823529,124,0.911764706,3.875,1.514204545,136,515.4160727,5.045389342,1.806829286,37,0.272058824,80,0.588235294,1.318285237,85,0.625,135,0.992647059,2720,20871.97101,31.40118558,22.9301175,35,0.257352941,75,0.551470588,40,0.294117647,70,0.514705882,18.00951865,47177499.15,801,58898.25112,18.14187927,19.42033528,1.333333333,0.078431373,8.558823529,0.5995
Ziyang_Sichuan,512000,925.34555,16.82446455,11,0.2,52,0.945454545,5.050909091,1.523636364,55,187.3736115,4.938505175,3.027085065,30,0.545454545,50,0.909090909,1.067494615,31,0.563636364,52,0.945454545,2017,5042.389493,29.44061547,24.26890756,12,0.218181818,38,0.690909091,16,0.290909091,39,0.709090909,15.1120554,34760959.46,342,101640.2323,37.56538242,17.93145586,1.896551724,0.206896552,11.81818182,0.5995
Dongguan_Guangdong,441900,14302.22449,21.03268307,314,0.461764706,621,0.913235294,4.050592718,1.460203218,680,2842.784629,5.031061567,2.03469388,228,0.335294118,519,0.763235294,1.552370835,462,0.679411765,677,0.995588235,13782,286566.9783,34.28182267,25.04623312,16,0.023529412,433,0.636764706,23,0.033823529,326,0.479411765,19.74187003,296557561.9,3423,86636.74025,20.73506552,20.3380068,1.504424779,0.10619469,10.37352941,0.654046875
Yibin_Sichuan,511500,2797.67844,14.12968909,38,0.191919192,138,0.696969697,4.841897233,1.74571805,198,474.2386609,5.899304866,1.945585388,49,0.247474747,127,0.641414141,1.089233703,92,0.464646465,182,0.919191919,7604,68616.14493,23.03971159,14.49078435,46,0.232323232,175,0.883838384,41,0.207070707,182,0.919191919,17.60669433,106741298.3,1547,68998.90003,38.15352644,19.50759314,1.571428571,0.126984127,12.7020202,0.5995
Meishan_Sichuan,511400,2591.43168,16.40146633,49,0.310126582,118,0.746835443,3.166058394,1.38959854,158,693.3599502,3.737498364,1.818265696,37,0.234177215,91,0.575949367,1.160764712,89,0.563291139,150,0.949367089,4334,28255.12319,35.62582048,27.68668487,28,0.17721519,54,0.341772152,27,0.170886076,49,0.310126582,17.46228412,66385326.2,827,80272.46215,25.61723958,20.58083244,1.663157895,0.094736842,12.08860759,0.5995
Anshun_Guizhou,520400,761.1257,16.19416383,8,0.170212766,40,0.85106383,2.225378788,1.439393939,47,183.4097368,4.149865287,1.549686444,5,0.106382979,19,0.404255319,1.340717969,27,0.574468085,45,0.957446809,3038,11459.73188,18.24589112,14.89944904,28,0.595744681,39,0.829787234,30,0.638297872,38,0.808510638,18.18040671,51257890.2,590,86877.78,67.34484225,19.1192955,1.516129032,0.096774194,13.5106383,0.5297
Bijie_Guizhou,520500,847.97236,15.70319185,6,0.111111111,48,0.888888889,3.507598784,1.723404255,54,160.5328479,5.282235823,1.674599683,12,0.222222222,25,0.462962963,1.053567885,24,0.444444444,53,0.981481481,1901,4337.389493,26.19279662,18.32692308,4,0.074074074,45,0.833333333,6,0.111111111,38,0.703703704,18.69808424,28946732.22,384,75382.11516,34.13641008,19.65297531,1.2,0.022222222,13.5,0.5297
Liupanshui_Guizhou,520200,1274.45593,15.93069913,19,0.2375,69,0.8625,4.002247191,1.552808989,80,242.0832708,5.264535323,1.649665774,13,0.1625,35,0.4375,1.941268825,33,0.4125,78,0.975,1936,8957.797101,23.55018787,17.05912464,23,0.2875,66,0.825,25,0.3125,63,0.7875,18.5102113,30114622.19,554,54358.52381,23.62939469,19.91825504,1.333333333,0.1,9.1875,0.5297
Tongren_Guizhou,520600,531.297,13.9815,3,0.078947368,30,0.789473684,4.396475771,1.370044053,38,115.1756354,4.612928752,1.618519802,6,0.157894737,20,0.526315789,0.780851391,7,0.184210526,36,0.947368421,1674,3445.152174,19.72501838,15.50396825,6,0.157894737,35,0.921052632,12,0.315789474,32,0.842105263,13.68266897,21880293,280,78143.90357,41.18279042,16.96204757,1.117647059,0,13.44736842,0.5297
Shenzhen_Guangdong,440300,42191.00842,22.92989588,943,0.5125,1498,0.814130435,7.03040433,2.180515759,1840,3291.085103,12.81978651,2.270087018,550,0.298913043,1305,0.70923913,2.148290514,1338,0.727173913,1773,0.963586957,35315,2881952.781,28.4974072,20.38024486,433,0.235326087,1237,0.672282609,374,0.20326087,1192,0.647826087,19.40784305,738619414.8,11398,64802.54561,17.50655987,20.13738984,1.740775781,0.179754021,7.467391304,0.654046875
Zunyi_Guizhou,520300,2693.61304,17.49099377,51,0.331168831,132,0.857142857,3.569631626,1.510332435,154,553.9113953,4.862895154,1.62094731,28,0.181818182,68,0.441558442,1.470817105,77,0.5,146,0.948051948,7794,58609.23913,31.42686978,22.85433579,57,0.37012987,93,0.603896104,58,0.376623377,75,0.487012987,16.61494265,125844925.5,1849,68061.07381,46.71974913,17.69314688,1.412844037,0.073394495,11.99350649,0.5297
Mianyang_Sichuan,510700,4612.53975,14.68961704,58,0.184713376,220,0.700636943,3.907769704,1.423700391,314,971.7883023,4.746445022,1.774377935,64,0.203821656,171,0.544585987,0.961596948,106,0.337579618,297,0.945859873,10037,117824.5199,49.76887521,34.75907368,80,0.25477707,146,0.464968153,88,0.280254777,130,0.414012739,16.77796652,135884204.2,2592,52424.46148,29.45973618,18.40849173,1.618556701,0.118556701,10.05095541,0.5995
Qujing_Yunnan,530300,1272.45898,13.39430505,9,0.094736842,71,0.747368421,2.846599132,1.429811867,95,382.1413477,3.329812353,1.505811253,7,0.073684211,35,0.368421053,0.954175838,23,0.242105263,92,0.968421053,5121,32719.46196,22.03479541,16.81811124,45,0.473684211,82,0.863157895,42,0.442105263,82,0.863157895,17.01102229,68730980.65,1087,63229.973,54.01429966,17.72146657,1.439393939,0.106060606,13.15789474,0.492
Yuxi_Yunnan,530400,1083.106,11.52240426,8,0.085106383,55,0.585106383,2.712477396,1.349005425,94,340.4399338,3.18148928,1.631074759,15,0.159574468,46,0.489361702,0.909863934,22,0.234042553,77,0.819148936,2318,6643.644928,46.68879791,33.82758621,8,0.085106383,32,0.340425532,16,0.170212766,31,0.329787234,17.52524434,25564344.4,291,87849.98076,23.60280933,18.93893682,1.236842105,0.039473684,11.85106383,0.492
Tongchuan_Shaanxi,610200,553.70839,13.1835331,6,0.142857143,22,0.523809524,3.41221374,1.339694656,42,140.2024649,3.949348469,1.487068823,0,0,20,0.476190476,0.782113234,8,0.19047619,32,0.761904762,3248,11769.7971,18.33435817,14.2990006,24,0.571428571,38,0.904761905,24,0.571428571,38,0.904761905,15.10454576,43104404.23,606,71129.37992,77.84676015,17.70447988,1.555555556,0.148148148,13.21428571,0.554258333
Lhasa_Tibet,540100,1182.58544,18.77119746,23,0.365079365,59,0.936507937,3.419182948,1.559502664,63,260.4800974,4.540022258,3.738805779,17,0.26984127,26,0.412698413,1.320735484,43,0.682539683,62,0.984126984,3136,11180.57971,19.54229642,13.70843091,20,0.317460317,59,0.936507937,18,0.285714286,51,0.80952381,17.800402,60649844.32,763,79488.65573,51.28580335,18.6390895,1.431818182,0.136363636,14.49206349,0.528
Foshan_Guangdong,440600,24070.72626,20.07566827,455,0.379482902,1100,0.917431193,5.401750821,1.492887291,1199,3785.43125,6.358780458,1.98302297,429,0.357798165,934,0.778982485,1.285966051,748,0.623853211,1183,0.986655546,22284,885584,39.88342147,30.45272967,90,0.075062552,560,0.46705588,146,0.12176814,511,0.42618849,18.3860132,453649402,5924,76578.22451,18.84651909,19.4705533,1.596537949,0.117177097,9.591326105,0.654046875
Zhaotong_Yunnan,530600,1340.4416,17.18514872,24,0.307692308,67,0.858974359,3.26122449,1.383673469,78,360.9242502,3.713913929,1.687775283,13,0.166666667,35,0.448717949,1.153289373,43,0.551282051,77,0.987179487,2593,8280.476449,28.56512023,18.83011583,9,0.115384615,58,0.743589744,10,0.128205128,53,0.679487179,16.97939785,42454194.07,669,63459.18396,31.67179687,19.89186457,1.418181818,0.090909091,12.42307692,0.492
Luzhou_Sichuan,510500,7947.90338,15.83247685,138,0.274900398,379,0.75498008,5.55962877,1.536890951,502,1244.136955,6.388286554,1.961900099,131,0.260956175,332,0.661354582,0.989961092,204,0.406374502,477,0.950199203,7426,77351.99275,57.82337054,34.66787821,17,0.033864542,96,0.19123506,11,0.021912351,80,0.15936255,19.24049915,123142115.9,1945,63312.14186,15.49366041,20.29990293,1.792857143,0.164285714,9.513944223,0.5995
Zhangye_Gansu,620700,606.18226,14.43291095,7,0.166666667,31,0.738095238,2.948387097,1.506451613,42,195.9037538,3.094286089,2.491660834,14,0.333333333,24,0.571428571,1.192991232,10,0.238095238,37,0.880952381,1498,4197.210145,28.88911098,21.86591479,10,0.238095238,26,0.619047619,13,0.30952381,26,0.619047619,15.55046632,19468750.78,383,50832.24747,32.11699198,16.78458188,1.135135135,0.027027027,10.30952381,0.47055
Jiuquan_Gansu,620900,386.09047,9.899755641,0,0,16,0.41025641,2.609677419,1.341935484,39,145.034222,2.662064612,1.634959741,7,0.179487179,23,0.58974359,0.607718191,2,0.051282051,26,0.666666667,382,245.1231884,78.29250194,48.56410256,0,0,0,0,0,0,0,0,15.0462166,3649790.46,51,71564.51882,9.453200075,17.58560707,1.344827586,0.034482759,9.179487179,0.47055
Xianyang_Shaanxi,610400,2334.38798,14.49930422,26,0.161490683,132,0.819875776,3.615138593,1.351812367,161,577.1487793,4.044690146,1.847421708,35,0.217391304,88,0.546583851,1.517027426,91,0.565217391,158,0.98136646,5844,40585.73913,31.87198114,25.5984556,35,0.217391304,90,0.559006211,37,0.229813665,80,0.49689441,18.56591173,88157252.27,1185,74394.30571,37.76461026,19.31716241,1.308943089,0.06504065,11.77018634,0.554258333
Qingyang_Gansu,621000,281.64414,14.082207,0,0,18,0.9,2.639830508,1.436440678,20,82.76711297,3.402850841,1.801924387,2,0.1,14,0.7,1.013412978,6,0.3,19,0.95,1606,3436.427536,11.33193832,8.582251082,18,0.9,20,1,18,0.9,20,1,12.91799195,22942797.8,327,70161.46116,81.46023489,14.57621258,1.052631579,0,13.8,0.47055
Guyuan_Ningxia,640400,295.40449,21.10032071,8,0.571428571,12,0.857142857,2.266666667,1.088888889,14,101.7228228,2.904013885,4.680000508,5,0.357142857,8,0.571428571,2.042692722,11,0.785714286,14,1,50,6.775362319,120,120,0,0,0,0,0,0,0,0,28.54732885,1047711.9,11,95246.53636,3.546702692,31.18941852,1.076923077,0,3.571428571,0.457
Tianshui_Gansu,620500,2327.93738,21.55497574,50,0.462962963,96,0.888888889,4.4625,1.5,108,413.5613506,5.6290013,2.16506784,20,0.185185185,49,0.453703704,1.350932802,61,0.564814815,107,0.990740741,6568,48209.71014,26.4173892,20.42020836,47,0.435185185,76,0.703703704,48,0.444444444,61,0.564814815,19.06737431,122350540.8,1458,83916.69468,52.55748797,19.84088983,1.479452055,0.109589041,12.18518519,0.47055
Hami_Xinjiang,650500,558.41195,13.96029875,2,0.05,32,0.8,2.900874636,1.367346939,40,170.7531084,3.270288637,1.681686911,7,0.175,27,0.675,0.755318687,4,0.1,33,0.825,2020,5683.188406,17.12858627,14.9,5,0.125,38,0.95,10,0.25,38,0.95,17.53826317,27146301.35,278,97648.56601,48.61339617,17.79258385,1.176470588,0.029411765,13.65,0.382049
Baoji_Shaanxi,610300,3960.40569,16.2979658,48,0.197530864,196,0.806584362,3.872556119,1.617668356,243,711.4282743,5.566837632,1.44676589,12,0.049382716,82,0.33744856,1.256393954,135,0.555555556,238,0.979423868,13340,190456.7536,23.08525633,17.9309035,89,0.366255144,190,0.781893004,91,0.374485597,202,0.83127572,17.17833603,201601227.5,2902,69469.75447,50.9041859,18.43208504,1.567741935,0.135483871,12.11522634,0.554258333
Lanzhou_Gansu,620100,4356.0733,13.1603423,32,0.096676737,200,0.604229607,4.947495961,1.52907916,331,772.9562399,5.635601442,1.789913911,46,0.13897281,137,0.413897281,1.403022949,65,0.196374622,303,0.915407855,8911,364798.4764,14.65101464,11.6346337,206,0.622356495,299,0.903323263,222,0.670694864,300,0.906344411,17.71294959,106927819.5,3022,35383.13022,24.5468366,18.71924709,1.583732057,0.114832536,6.208459215,0.47055
Kunming_Yunnan,530100,7917.56121,11.94202294,74,0.111613876,358,0.539969834,4.53344552,1.71013883,663,1301.689964,6.082524585,1.769924931,93,0.140271493,358,0.539969834,1.145409743,309,0.466063348,598,0.901960784,10905,246397.8098,50.0992688,35.63603539,116,0.174962293,277,0.417797888,127,0.191553544,249,0.375565611,17.8668399,121233335.4,3301,36726.24521,15.3119543,19.21566595,1.731070496,0.146214099,7.799396682,0.492
Yinchuan_Ningxia,640100,4008.77764,15.90784778,58,0.23015873,207,0.821428571,4.563390848,1.614403601,252,798.3633335,5.021244679,1.664035042,35,0.138888889,141,0.55952381,1.318145841,164,0.650793651,245,0.972222222,7165,61968.95471,27.7971377,21.24943261,30,0.119047619,148,0.587301587,34,0.134920635,141,0.55952381,15.96143731,120017772.6,1424,84282.1437,29.93874528,16.94856398,2.06557377,0.254098361,10.13492063,0.457
Guiyang_Guizhou,520100,13157.6108,17.99946758,284,0.388508892,588,0.804377565,6.081434599,1.984810127,731,1342.199685,9.803020334,1.902814246,140,0.191518468,449,0.614227086,1.368778734,421,0.575923393,694,0.949384405,19110,388203.0652,34.35170438,24.62584345,80,0.109439124,369,0.504787962,60,0.082079343,306,0.418604651,20.35081697,319637350.1,4276,74751.48506,24.29296283,21.1786081,1.642696629,0.130337079,11.59507524,0.5297
Xining_Qinghai,630100,4891.63887,16.69501321,73,0.249146758,238,0.812286689,6.191935484,1.541935484,293,769.3143824,6.358439387,1.540774,20,0.068259386,94,0.320819113,1.02589172,111,0.37883959,278,0.948805461,14160,226973.3043,22.05952043,16.21313445,120,0.409556314,240,0.819112628,118,0.402730375,234,0.798634812,16.88746356,229053553.6,3569,64178.63649,46.82552407,18.27579449,1.786585366,0.158536585,12.38566553,0.3722
Urumqi_Xinjiang,650100,6866.47353,14.64066851,100,0.213219616,362,0.771855011,5.488008924,1.562744004,469,1152.279759,5.959033365,1.706538066,56,0.119402985,208,0.443496802,1.180607758,164,0.349680171,452,0.963752665,10829,299849.0417,31.13706241,21.82942686,154,0.328358209,331,0.70575693,133,0.28358209,310,0.66098081,16.82253107,164467295.9,3355,49021.54869,23.95222164,19.33986693,1.743494424,0.137546468,8.452025586,0.382049
Jinan_Shandong,370100,25695.71326,19.78114955,423,0.325635104,1071,0.82448037,4.48192601,1.512708274,1299,4579.834746,5.610620183,1.582497816,152,0.117013087,607,0.467282525,1.584913691,800,0.615858353,1261,0.970746728,45519,2011104.505,34.78385894,26.00585827,374,0.28791378,686,0.528098537,378,0.290993072,660,0.508083141,15.60996438,722234153.9,9691,74526.27736,28.10718452,18.11642129,1.576456311,0.120145631,11.15550423,0.668223321
Xi'an_Shaanxi,610100,17510.97823,15.83271088,260,0.235081374,856,0.773960217,5.482958067,1.477793844,1106,2966.538505,5.902831937,1.598734314,94,0.084990958,502,0.453887884,1.265513879,678,0.613019892,1072,0.96925859,26082,1154774.022,43.41756765,28.42235941,257,0.232368897,652,0.589511754,203,0.183544304,583,0.527124774,18.69742575,413713990.4,6266,66025.21391,23.62597823,19.25863164,1.538247566,0.11821975,9.888788427,0.554258333
Wuhan_Hubei,420100,28008.30973,17.57108515,536,0.336260979,1308,0.820577164,4.342595934,1.434379887,1594,5145.091547,5.443695117,1.965732847,331,0.207653701,972,0.6097867,1.910755588,1333,0.836260979,1569,0.984316186,29372,1903166.406,39.64338079,27.01720575,265,0.166248432,925,0.580301129,213,0.133626098,802,0.503136763,19.78735756,509250316.5,7984,63783.85728,18.18211529,20.67607235,1.677894737,0.135789474,8.226474279,0.6248
Chengdu_Sichuan,510100,31470.4431,13.21177292,410,0.172124265,1488,0.624685139,4.511998426,1.711742722,2382,5358.665982,5.872812974,2.29551816,591,0.248110831,1512,0.634760705,1.351997497,1383,0.580604534,2134,0.89588581,52437,5758914.897,37.168067,27.605235,554,0.232577666,1410,0.591939547,801,0.33627204,1392,0.584382872,15.72229806,667681210.9,12115,55111.94477,21.21613632,17.76269922,1.729847495,0.131445171,7.526868178,0.5995
Guangzhou_Guangdong,440100,44628.33388,17.57021019,820,0.322834646,2133,0.83976378,6.264017907,1.643200895,2540,5290.765914,8.435136728,1.945086803,726,0.285826772,1828,0.719685039,1.437796184,1441,0.567322835,2457,0.967322835,52844,5112407.101,35.0399262,25.66896027,558,0.219685039,1565,0.616141732,622,0.24488189,1591,0.626377953,20.56724099,929605250.5,16394,56703.99235,20.82993403,21.11564617,1.72437203,0.148676171,8.132677165,0.654046875
Hangzhou_Zhejiang,330100,42180.7588,14.26953951,598,0.202300406,1869,0.632273342,4.605630433,1.56950315,2956,6885.978247,6.125601517,1.753631469,549,0.185723951,1646,0.556833559,1.202909062,1192,0.403247632,2671,0.903585927,51408,3000590.261,49.82044834,31.62378484,268,0.090663058,796,0.269282815,331,0.111975643,931,0.314952639,18.92770709,655794643.2,10631,61687.01376,15.54724623,19.70213467,1.773245351,0.142171566,8.786197564,0.684416667
Beijing_Beijing,110000,91467.90361,23.21520396,1847,0.468781726,3051,0.774365482,6.475194646,1.606331639,3940,10967.31578,8.340044678,2.066420117,796,0.202030457,2334,0.592385787,2.047423468,2491,0.632233503,3781,0.95964467,71897,10772565.09,31.38299016,24.37277534,794,0.201522843,2317,0.588071066,988,0.250761421,2299,0.583502538,19.42777755,1505517155,27814,54128.03462,16.45951307,20.5297884,1.790095411,0.152657883,6.867766497,0.630995833
Chongqing_Chongqing,500000,44887.46077,15.13400565,611,0.206001349,1975,0.665879973,3.902771222,1.505967231,2966,8539.714374,5.256318748,2.096431991,999,0.336817262,2117,0.7137559,1.324873799,1178,0.397167903,2720,0.917060013,60088,11652180.23,38.66568235,26.92214386,1025,0.345583277,1751,0.590357384,1043,0.351652057,1606,0.541469993,18.9302279,840240751.6,18692,44951.89127,18.7188301,20.7985478,1.602377093,0.126418152,7.305124747,0.647
